datetime,count
2011-01-20 00:00:00,13.92056663079823
2011-01-20 01:00:00,6.06144225397995
2011-01-20 02:00:00,4.5615624582251435
2011-01-20 03:00:00,3.3259007880166465
2011-01-20 04:00:00,2.628298131487791
2011-01-20 05:00:00,6.368090634760522
2011-01-20 06:00:00,33.415066930078424
2011-01-20 07:00:00,87.47127609379437
2011-01-20 08:00:00,169.6235764486573
2011-01-20 09:00:00,106.45441086590819
2011-01-20 10:00:00,48.50905718353794
2011-01-20 11:00:00,59.29396868662947
2011-01-20 12:00:00,76.84278326291195
2011-01-20 13:00:00,69.15689148179473
2011-01-20 14:00:00,73.21710800180793
2011-01-20 15:00:00,83.08093952530986
2011-01-20 16:00:00,89.8858261154929
2011-01-20 17:00:00,167.54769916699257
2011-01-20 18:00:00,155.93589652624928
2011-01-20 19:00:00,98.86491453139128
2011-01-20 20:00:00,71.71433951800924
2011-01-20 21:00:00,46.681879098471356
2011-01-20 22:00:00,39.040624699691506
2011-01-20 23:00:00,21.404023470394375
2011-01-21 00:00:00,15.018147936151411
2011-01-21 01:00:00,5.608093303625927
2011-01-21 02:00:00,5.326495231940679
2011-01-21 03:00:00,2.9865279654438943
2011-01-21 04:00:00,2.125856087342779
2011-01-21 05:00:00,4.092310690858304
2011-01-21 06:00:00,28.731979827856325
2011-01-21 07:00:00,79.3042522487248
2011-01-21 08:00:00,144.9246756889875
2011-01-21 09:00:00,91.68895312934643
2011-01-21 10:00:00,22.6180949176338
2011-01-21 11:00:00,27.900914381849844
2011-01-21 12:00:00,27.83262912646984
2011-01-21 13:00:00,27.7462484202909
2011-01-21 14:00:00,27.817437950440024
2011-01-21 15:00:00,28.87084563187343
2011-01-21 16:00:00,51.935660470897936
2011-01-21 17:00:00,106.82537549620854
2011-01-21 18:00:00,102.783641696554
2011-01-21 19:00:00,78.23187337184773
2011-01-21 20:00:00,49.84546922023442
2011-01-21 21:00:00,37.57319196258529
2011-01-21 22:00:00,29.07416855714287
2011-01-21 23:00:00,18.511364609402843
2011-01-22 00:00:00,23.24463115870598
2011-01-22 01:00:00,17.007763837735737
2011-01-22 02:00:00,11.780938882630005
2011-01-22 03:00:00,7.829088854729365
2011-01-22 04:00:00,2.4709093590284725
2011-01-22 06:00:00,4.362632528106228
2011-01-22 07:00:00,9.125608523026454
2011-01-22 08:00:00,16.989520283508565
2011-01-22 09:00:00,27.220308574145076
2011-01-22 10:00:00,40.231614676729244
2011-01-22 11:00:00,43.45133520275125
2011-01-22 12:00:00,52.629395113219445
2011-01-22 13:00:00,57.88240646201392
2011-01-22 14:00:00,56.48201327827926
2011-01-22 15:00:00,59.200643994459384
2011-01-22 16:00:00,59.708837114925096
2011-01-22 17:00:00,64.39665015231331
2011-01-22 18:00:00,46.64347362989169
2011-01-22 19:00:00,38.91266199437364
2011-01-22 20:00:00,34.759657529104835
2011-01-22 21:00:00,33.1439553040516
2011-01-22 22:00:00,26.1392144985637
2011-01-22 23:00:00,16.129106744153866
2011-01-23 00:00:00,25.22103520623867
2011-01-23 01:00:00,19.814315158350247
2011-01-23 02:00:00,12.590969967642547
2011-01-23 03:00:00,10.495591825758732
2011-01-23 05:00:00,2.4500457351741805
2011-01-23 06:00:00,2.2380341257908145
2011-01-23 07:00:00,6.923430311177461
2011-01-23 08:00:00,16.801554109367142
2011-01-23 09:00:00,23.196753691018042
2011-01-23 10:00:00,45.8678192227093
2011-01-23 11:00:00,49.28662432406496
2011-01-23 12:00:00,57.444815747189296
2011-01-23 13:00:00,56.79234875723607
2011-01-23 14:00:00,57.29555080470809
2011-01-23 15:00:00,56.93940834171629
2011-01-23 16:00:00,62.053941140749025
2011-01-23 17:00:00,57.41701981882373
2011-01-23 18:00:00,53.0449287715413
2011-01-23 19:00:00,40.76434385000104
2011-01-23 20:00:00,34.79412530920952
2011-01-23 21:00:00,24.483048713086244
2011-01-23 22:00:00,15.918814628938218
2011-01-23 23:00:00,13.263075722571967
2011-01-24 00:00:00,10.405391382160653
2011-01-24 01:00:00,4.670374534667289
2011-01-24 03:00:00,2.501115635579514
2011-01-24 04:00:00,2.272700175741811
2011-01-24 05:00:00,4.787093828634206
2011-01-24 06:00:00,27.848223614820565
2011-01-24 07:00:00,67.4141949306833
2011-01-24 08:00:00,132.61273443299729
2011-01-24 09:00:00,95.71415091526605
2011-01-24 10:00:00,24.95566654148654
2011-01-24 11:00:00,23.4069897278043
2011-01-24 12:00:00,25.555954063263496
2011-01-24 13:00:00,26.86031900128614
2011-01-24 14:00:00,25.84048679387489
2011-01-24 15:00:00,30.175062377684593
2011-01-24 16:00:00,50.581741224529964
2011-01-24 17:00:00,98.24167786481645
2011-01-24 18:00:00,101.67587140245506
2011-01-24 19:00:00,85.00809860688945
2011-01-24 20:00:00,55.90975421748186
2011-01-24 21:00:00,36.68779675669605
2011-01-24 22:00:00,23.509463608740578
2011-01-24 23:00:00,16.218809951411284
2011-01-25 00:00:00,11.367717096410972
2011-01-25 01:00:00,5.262070672545917
2011-01-25 02:00:00,2.662837343677274
2011-01-25 04:00:00,1.939529691414279
2011-01-25 05:00:00,4.817752532281837
2011-01-25 06:00:00,30.97514224370792
2011-01-25 07:00:00,66.54997385915117
2011-01-25 08:00:00,127.68449308774655
2011-01-25 09:00:00,110.50686188585854
2011-01-25 10:00:00,40.70576335214302
2011-01-25 11:00:00,50.160110594159015
2011-01-25 12:00:00,62.12430103176234
2011-01-25 13:00:00,63.998459438598715
2011-01-25 14:00:00,68.87255007354783
2011-01-25 15:00:00,69.06411907763994
2011-01-25 16:00:00,88.0879013066165
2011-01-25 17:00:00,165.6686253616879
2011-01-25 18:00:00,164.09625338021002
2011-01-25 19:00:00,114.24635488327313
2011-01-25 20:00:00,73.68991340427738
2011-01-25 21:00:00,45.314858177198246
2011-01-25 22:00:00,32.69458806662927
2011-01-25 23:00:00,17.30081078790991
2011-01-26 00:00:00,12.285004959408747
2011-01-26 01:00:00,6.02675956531279
2011-01-26 02:00:00,3.884578743123644
2011-01-26 05:00:00,3.803142428457071
2011-01-26 06:00:00,23.087801409304504
2011-01-26 07:00:00,61.49253550798463
2011-01-26 08:00:00,97.07277118333575
2011-01-26 09:00:00,61.579459131777234
2011-01-26 10:00:00,29.85336043976854
2011-01-26 11:00:00,26.025480810838687
2011-01-26 12:00:00,24.065116230762015
2011-01-26 13:00:00,24.379851663020567
2011-01-26 14:00:00,23.72552580275152
2011-01-26 15:00:00,18.988333874732753
2011-01-26 16:00:00,39.438924119333976
2011-01-26 17:00:00,67.20993004390085
2011-01-27 16:00:00,70.35764801779928
2011-01-27 17:00:00,140.78911261746444
2011-01-27 18:00:00,125.10712417933992
2011-01-27 19:00:00,96.55630422669573
2011-01-27 20:00:00,69.66603697656741
2011-01-27 21:00:00,41.18251379604465
2011-01-27 22:00:00,34.43234266882255
2011-01-27 23:00:00,19.90032147838628
2011-01-28 00:00:00,14.362551807394496
2011-01-28 01:00:00,6.80236856498994
2011-01-28 02:00:00,3.1925628816318747
2011-01-28 03:00:00,2.529399168536677
2011-01-28 05:00:00,6.246182429193541
2011-01-28 06:00:00,27.442849914953886
2011-01-28 07:00:00,64.4852178149492
2011-01-28 08:00:00,122.60267485672053
2011-01-28 09:00:00,72.9994832042018
2011-01-28 10:00:00,32.540220245419846
2011-01-28 11:00:00,33.648948899797425
2011-01-28 12:00:00,33.212666554542565
2011-01-28 13:00:00,34.21481678845825
2011-01-28 14:00:00,45.16730829574122
2011-01-28 15:00:00,38.163610201521664
2011-01-28 16:00:00,69.85262508064926
2011-01-28 17:00:00,140.84388223639877
2011-01-28 18:00:00,136.6297841077594
2011-01-28 19:00:00,99.28073842373504
2011-01-28 20:00:00,73.01136853923215
2011-01-28 21:00:00,43.07379186254526
2011-01-28 22:00:00,37.60915790108301
2011-01-28 23:00:00,22.44624246286961
2011-01-29 00:00:00,26.005742453163695
2011-01-29 01:00:00,20.752515203484805
2011-01-29 02:00:00,14.774862779351873
2011-01-29 03:00:00,10.228901317644937
2011-01-29 04:00:00,2.5519244442557265
2011-01-29 06:00:00,4.5015377252640825
2011-01-29 07:00:00,9.697508254897912
2011-01-29 08:00:00,25.22359664631616
2011-01-29 09:00:00,34.484665306759005
2011-01-29 10:00:00,52.766048108277786
2011-01-29 11:00:00,52.00175856496219
2011-01-29 12:00:00,55.869080910834846
2011-01-29 13:00:00,72.53062170056853
2011-01-29 14:00:00,68.65357931398067
2011-01-29 15:00:00,66.82686856665052
2011-01-29 16:00:00,83.93262329053942
2011-01-29 17:00:00,79.78765778348493
2011-01-29 18:00:00,78.03840227775736
2011-01-29 19:00:00,58.72725043923001
2011-01-29 20:00:00,48.78689094225451
2011-01-29 21:00:00,34.85153152445132
2011-01-29 22:00:00,27.253781457000894
2011-01-29 23:00:00,16.722526955650043
2011-01-30 00:00:00,29.770656407757823
2011-01-30 01:00:00,24.822904473764112
2011-01-30 02:00:00,16.16007275747467
2011-01-30 03:00:00,10.023629537449422
2011-01-30 04:00:00,3.3250161015774014
2011-01-30 05:00:00,2.4216561085748016
2011-01-30 07:00:00,6.638933096286977
2011-01-30 08:00:00,19.348915190014417
2011-01-30 09:00:00,32.547380023837874
2011-01-30 10:00:00,54.91720014404144
2011-01-30 11:00:00,64.63989896594674
2011-01-30 12:00:00,95.11242714978246
2011-01-30 13:00:00,80.92415940394164
2011-01-30 14:00:00,83.94173711302035
2011-01-30 15:00:00,94.61825044061517
2011-01-30 16:00:00,95.60240694484862
2011-01-30 17:00:00,84.62755403778053
2011-01-30 18:00:00,74.87519127721302
2011-01-30 19:00:00,58.32140761875368
2011-01-30 20:00:00,46.36218735121958
2011-01-30 21:00:00,28.416611622720453
2011-01-30 22:00:00,17.478577777844354
2011-01-30 23:00:00,12.137293335802408
2011-01-31 00:00:00,13.979870471075749
2011-01-31 01:00:00,3.997142094207395
2011-01-31 02:00:00,3.771058640158513
2011-01-31 03:00:00,2.950927588146087
2011-01-31 04:00:00,2.0108112424555475
2011-01-31 05:00:00,2.9865716322838316
2011-01-31 06:00:00,31.055329999845362
2011-01-31 07:00:00,66.22176813618138
2011-01-31 08:00:00,124.51622838646836
2011-01-31 09:00:00,74.86033883534307
2011-01-31 10:00:00,24.87405585933309
2011-01-31 11:00:00,24.062952951914795
2011-01-31 12:00:00,32.4304063501203
2011-01-31 13:00:00,36.87056467526385
2011-01-31 14:00:00,32.42906618473941
2011-01-31 15:00:00,27.404510843487593
2011-01-31 16:00:00,49.6083590649284
2011-01-31 17:00:00,107.91934218641919
2011-01-31 18:00:00,107.49125040732557
2011-01-31 19:00:00,120.38034801504197
2011-01-31 20:00:00,58.53532648526784
2011-01-31 21:00:00,40.802063708204486
2011-01-31 22:00:00,26.22574200730765
2011-01-31 23:00:00,16.730069515002107
2011-02-20 00:00:00,28.968845325516533
2011-02-20 01:00:00,22.164184694451727
2011-02-20 02:00:00,13.084938234779953
2011-02-20 03:00:00,8.35451165062943
2011-02-20 04:00:00,2.0641479034878003
2011-02-20 06:00:00,3.7384367594861834
2011-02-20 07:00:00,8.870737336708087
2011-02-20 08:00:00,23.122337084738824
2011-02-20 09:00:00,41.24188146156218
2011-02-20 10:00:00,88.05543843742672
2011-02-20 11:00:00,104.9689590926008
2011-02-20 12:00:00,111.4190284551334
2011-02-20 13:00:00,137.56012344163958
2011-02-20 14:00:00,132.88773013778672
2011-02-20 15:00:00,136.3046612523438
2011-02-20 16:00:00,134.03305560821693
2011-02-20 17:00:00,111.15657302117886
2011-02-20 18:00:00,102.07672622686086
2011-02-20 19:00:00,89.41101662109607
2011-02-20 20:00:00,74.19413456748019
2011-02-20 21:00:00,60.14170150910206
2011-02-20 22:00:00,48.26381840572905
2011-02-20 23:00:00,35.42609450292997
2011-02-21 00:00:00,19.93766616466169
2011-02-21 01:00:00,9.112773394229443
2011-02-21 02:00:00,10.381378781275345
2011-02-21 03:00:00,4.47578588855244
2011-02-21 04:00:00,3.363877247861775
2011-02-21 05:00:00,4.400093617283834
2011-02-21 06:00:00,15.492505488591839
2011-02-21 07:00:00,51.65154486908026
2011-02-21 08:00:00,80.9748570012856
2011-02-21 09:00:00,79.43776063146544
2011-02-21 10:00:00,80.49549450462638
2011-02-21 11:00:00,83.82536090915735
2011-02-21 12:00:00,89.8419530035578
2011-02-21 13:00:00,50.20025796781797
2011-02-21 14:00:00,86.84729531409081
2011-02-21 15:00:00,75.72307556292924
2011-02-21 16:00:00,54.387717727202585
2011-02-21 17:00:00,95.5066098847864
2011-02-21 18:00:00,66.99440107835784
2011-02-21 19:00:00,49.32629456813284
2011-02-21 20:00:00,39.42988441931208
2011-02-21 21:00:00,25.02962363850306
2011-02-21 22:00:00,16.534298972169214
2011-02-21 23:00:00,10.175099037748485
2011-02-22 06:00:00,29.608944404126458
2011-02-22 07:00:00,76.04507365741811
2011-02-22 08:00:00,170.79891153717622
2011-02-22 09:00:00,105.54614402875752
2011-02-22 10:00:00,29.067233716867673
2011-02-22 11:00:00,34.59519679554782
2011-02-22 12:00:00,36.61377923867127
2011-02-22 13:00:00,44.62760022701552
2011-02-22 14:00:00,43.975049197876736
2011-02-22 15:00:00,58.12101231050827
2011-02-22 16:00:00,64.80171120213694
2011-02-22 17:00:00,132.40210773941644
2011-02-22 18:00:00,135.2836012279772
2011-02-22 19:00:00,94.07486283491563
2011-02-22 20:00:00,71.80185586167961
2011-02-22 21:00:00,50.92890034293814
2011-02-22 22:00:00,32.18358081988481
2011-02-22 23:00:00,19.06477291940969
2011-02-23 00:00:00,12.808022966824923
2011-02-23 01:00:00,5.899915593265085
2011-02-23 02:00:00,2.723938152618699
2011-02-23 03:00:00,1.9586578244377564
2011-02-23 05:00:00,6.008250374160954
2011-02-23 06:00:00,30.264857721580615
2011-02-23 07:00:00,74.45048010767209
2011-02-23 08:00:00,177.58729941017506
2011-02-23 09:00:00,115.41023239521573
2011-02-23 10:00:00,41.727182127191874
2011-02-23 11:00:00,56.441478303260794
2011-02-23 12:00:00,68.05387751303584
2011-02-23 13:00:00,73.2066924565685
2011-02-23 14:00:00,78.80542186303734
2011-02-23 15:00:00,84.52376228942907
2011-02-23 16:00:00,109.06983542026595
2011-02-23 17:00:00,184.99468144037056
2011-02-23 18:00:00,179.86785857227497
2011-02-23 19:00:00,135.45532771486396
2011-02-23 20:00:00,76.75540509063183
2011-02-23 21:00:00,60.283905782264526
2011-02-23 22:00:00,48.802068379696394
2011-02-23 23:00:00,28.17806810644264
2011-02-24 00:00:00,13.530707783518372
2011-02-24 01:00:00,6.82654031567117
2011-02-24 02:00:00,3.3398699855429532
2011-02-24 03:00:00,2.384605083266144
2011-02-24 05:00:00,6.622741643311123
2011-02-24 06:00:00,33.71599108867742
2011-02-24 07:00:00,95.28051354845192
2011-02-24 08:00:00,225.60351682200954
2011-02-24 09:00:00,114.76329910605087
2011-02-24 10:00:00,51.02428471049505
2011-02-24 11:00:00,69.2266394997823
2011-02-24 12:00:00,86.39229554882668
2011-02-24 13:00:00,87.73464096111204
2011-02-24 14:00:00,87.92616937304555
2011-02-24 15:00:00,45.44062760507412
2011-02-24 16:00:00,59.60997404014901
2011-02-24 17:00:00,85.10580026591121
2011-02-24 18:00:00,121.16242378948911
2011-02-24 19:00:00,59.92991591614097
2011-02-24 20:00:00,67.97743654266242
2011-02-24 21:00:00,54.15321596230781
2011-02-24 22:00:00,32.65150650423474
2011-02-24 23:00:00,35.768660473795364
2011-02-25 00:00:00,13.661571742803465
2011-02-25 01:00:00,7.291368640668214
2011-02-25 02:00:00,7.135113179830153
2011-02-25 03:00:00,2.834024614929971
2011-02-25 05:00:00,6.557057592511725
2011-02-25 06:00:00,28.506772240931824
2011-02-25 07:00:00,38.68703885217177
2011-02-25 08:00:00,89.83307848132849
2011-02-25 09:00:00,60.805613520084485
2011-02-25 10:00:00,40.279040175485946
2011-02-25 11:00:00,118.16922168274172
2011-02-25 12:00:00,91.26446037153052
2011-02-25 13:00:00,89.66426139952608
2011-02-25 14:00:00,91.32654220128832
2011-02-25 15:00:00,177.99221452549105
2011-02-25 16:00:00,104.62911985982846
2011-02-25 17:00:00,156.49820661786262
2011-02-25 18:00:00,148.4564263322243
2011-02-25 19:00:00,113.52634750170077
2011-02-25 20:00:00,62.92238145657654
2011-02-25 21:00:00,49.77806109359703
2011-02-25 22:00:00,42.96443963508948
2011-02-25 23:00:00,28.087530551407266
2011-02-26 00:00:00,28.708860276559193
2011-02-26 01:00:00,21.140889689397195
2011-02-26 02:00:00,12.632761105742473
2011-02-26 03:00:00,11.027468408571519
2011-02-26 04:00:00,2.7903586594062673
2011-02-26 05:00:00,2.2900395388346477
2011-02-26 06:00:00,4.748959057083862
2011-02-26 07:00:00,9.33116419372643
2011-02-26 08:00:00,31.246904294755687
2011-02-26 09:00:00,49.9934482261539
2011-02-26 10:00:00,93.90161938340083
2011-02-26 11:00:00,105.93145485516398
2011-02-26 12:00:00,113.26368632187557
2011-02-26 13:00:00,126.2659754925782
2011-02-26 14:00:00,133.08926716677658
2011-02-26 15:00:00,129.53173508765303
2011-02-26 16:00:00,122.59230625411445
2011-02-26 17:00:00,116.32611963957412
2011-02-26 18:00:00,102.6092939287148
2011-02-26 19:00:00,78.30002388251769
2011-02-26 20:00:00,63.11307588843394
2011-02-26 21:00:00,43.91176906173064
2011-02-26 22:00:00,44.10444667155736
2011-02-26 23:00:00,38.66924336073553
2011-02-27 00:00:00,32.89370861866377
2011-02-27 01:00:00,32.69668303697649
2011-02-27 02:00:00,19.7764876057319
2011-02-27 03:00:00,12.86343887387251
2011-02-27 04:00:00,3.692287837640831
2011-02-27 06:00:00,3.737991739253898
2011-02-27 07:00:00,8.45206022600115
2011-02-27 08:00:00,29.450987915416857
2011-02-27 09:00:00,43.43907182501771
2011-02-27 10:00:00,79.18101444280529
2011-02-27 11:00:00,110.7754338238961
2011-02-27 12:00:00,113.78800844001152
2011-02-27 13:00:00,131.93220281414287
2011-02-27 14:00:00,161.0912667022199
2011-02-27 15:00:00,215.87092788957517
2011-02-27 16:00:00,218.42106225248867
2011-02-27 17:00:00,132.12506302603805
2011-02-27 18:00:00,107.58761469790564
2011-02-27 19:00:00,98.96754478285582
2011-02-27 20:00:00,76.99960047086925
2011-02-27 21:00:00,71.2990487977106
2011-02-27 22:00:00,64.92191647603649
2011-02-27 23:00:00,40.818579011623974
2011-02-28 00:00:00,16.67990563847754
2011-02-28 01:00:00,3.8857048789030904
2011-02-28 03:00:00,2.6576757139409892
2011-02-28 05:00:00,6.68391084819062
2011-02-28 06:00:00,39.33415060792756
2011-02-28 07:00:00,89.82227959938274
2011-02-28 08:00:00,148.43977518929958
2011-02-28 09:00:00,109.99960071954403
2011-02-28 10:00:00,89.68684498849333
2011-02-28 11:00:00,100.36178263269039
2011-02-28 12:00:00,118.46040076481583
2011-02-28 13:00:00,54.95358061905926
2011-02-28 14:00:00,28.14924937657908
2011-02-28 15:00:00,28.054582730552564
2011-02-28 16:00:00,34.99279034914481
2011-02-28 17:00:00,33.121874411938926
2011-02-28 18:00:00,71.53697491372957
2011-02-28 19:00:00,53.465935492809386
2011-02-28 20:00:00,49.45133035898127
2011-02-28 21:00:00,63.79737781264397
2011-02-28 22:00:00,33.75202284471842
2011-02-28 23:00:00,28.945993357147692
2011-03-20 00:00:00,38.53266427490502
2011-03-20 01:00:00,35.50808373530546
2011-03-20 02:00:00,19.559139535797286
2011-03-20 03:00:00,10.88697564902745
2011-03-20 04:00:00,2.0273417011297576
2011-03-20 05:00:00,2.0013537745651706
2011-03-20 06:00:00,4.7564027401958295
2011-03-20 07:00:00,16.187850888390958
2011-03-20 08:00:00,35.121686999532265
2011-03-20 09:00:00,52.091297512102805
2011-03-20 10:00:00,103.20754525029437
2011-03-20 11:00:00,120.50780899302262
2011-03-20 12:00:00,133.66554754950013
2011-03-20 13:00:00,123.4093522290569
2011-03-20 14:00:00,126.90886171400948
2011-03-20 15:00:00,122.41963649232622
2011-03-20 16:00:00,134.1583885388532
2011-03-20 17:00:00,127.18596096410917
2011-03-20 18:00:00,134.4639802966448
2011-03-20 19:00:00,98.61476783871964
2011-03-20 20:00:00,84.16840720650168
2011-03-20 21:00:00,61.23487269518251
2011-03-20 22:00:00,51.93600007861863
2011-03-20 23:00:00,36.80244064040892
2011-03-21 00:00:00,12.5903943091261
2011-03-21 01:00:00,5.2651235851937335
2011-03-21 02:00:00,5.513991271923038
2011-03-21 03:00:00,3.26930075043901
2011-03-21 05:00:00,6.696883368874968
2011-03-21 06:00:00,32.90093205331691
2011-03-21 07:00:00,70.88198512473937
2011-03-21 08:00:00,195.4656246081014
2011-03-21 09:00:00,110.99002425028252
2011-03-21 10:00:00,80.25732377478651
2011-03-21 11:00:00,86.13397683836114
2011-03-21 12:00:00,101.38753044358087
2011-03-21 13:00:00,120.37769879013233
2011-03-21 14:00:00,124.67572868375352
2011-03-21 15:00:00,137.38431645328728
2011-03-21 16:00:00,168.1530265322098
2011-03-21 17:00:00,294.5988802421586
2011-03-21 18:00:00,276.62228744732926
2011-03-21 19:00:00,229.91946404664347
2011-03-21 20:00:00,163.55020390331742
2011-03-21 21:00:00,76.30828303741137
2011-03-21 22:00:00,86.75177548712617
2011-03-21 23:00:00,49.03364989769107
2011-03-22 00:00:00,24.479293124679806
2011-03-22 01:00:00,5.971057001165344
2011-03-22 02:00:00,6.6246285501830435
2011-03-22 03:00:00,4.522014031506057
2011-03-22 04:00:00,4.077404642972414
2011-03-22 05:00:00,10.904509398431598
2011-03-22 06:00:00,48.799231133832535
2011-03-22 07:00:00,87.39600290221213
2011-03-22 08:00:00,154.97636036817835
2011-03-22 09:00:00,122.63431560501577
2011-03-22 10:00:00,93.90035966290624
2011-03-22 11:00:00,94.74222923033514
2011-03-22 12:00:00,120.5183604799588
2011-03-22 13:00:00,124.03733586715852
2011-03-22 14:00:00,126.76706156411724
2011-03-22 15:00:00,128.64307243399503
2011-03-22 16:00:00,166.13078517684158
2011-03-22 17:00:00,317.311610702215
2011-03-22 18:00:00,297.1184247709928
2011-03-22 19:00:00,169.9776684709205
2011-03-22 20:00:00,126.21694258659217
2011-03-22 21:00:00,98.34062108635547
2011-03-22 22:00:00,76.16766394149658
2011-03-22 23:00:00,36.947501821245645
2011-03-23 00:00:00,14.96871411604321
2011-03-23 01:00:00,6.555624936117474
2011-03-23 02:00:00,5.685048684201471
2011-03-23 03:00:00,3.074660520670559
2011-03-23 05:00:00,7.297802454581655
2011-03-23 06:00:00,44.17779231629003
2011-03-23 07:00:00,106.71058437188687
2011-03-23 08:00:00,195.30600707793198
2011-03-23 09:00:00,124.07648455017524
2011-03-23 10:00:00,61.638365039946194
2011-03-23 11:00:00,63.197019268975296
2011-03-23 12:00:00,55.27865608730946
2011-03-23 13:00:00,48.04035060955238
2011-03-23 14:00:00,73.7686201469051
2011-03-23 15:00:00,83.75814840479283
2011-03-23 16:00:00,125.90311407606777
2011-03-23 17:00:00,187.5868492374698
2011-03-23 18:00:00,102.70629435560397
2011-03-23 19:00:00,82.62209369965892
2011-03-23 20:00:00,45.696124275918145
2011-03-23 21:00:00,43.800746532580554
2011-03-23 22:00:00,38.04967329378416
2011-03-23 23:00:00,32.18564422138084
2011-03-24 00:00:00,15.434785985658703
2011-03-24 01:00:00,4.8225345287601575
2011-03-24 02:00:00,5.334867067909251
2011-03-24 03:00:00,2.542256394537147
2011-03-24 04:00:00,1.9569500038829966
2011-03-24 05:00:00,8.176738402227826
2011-03-24 06:00:00,41.752237577215055
2011-03-24 07:00:00,71.13349190672221
2011-03-24 08:00:00,90.73313957847188
2011-03-24 09:00:00,117.66021773221857
2011-03-24 10:00:00,39.90747368797795
2011-03-24 11:00:00,51.025487790356564
2011-03-24 12:00:00,62.98687287485612
2011-03-24 13:00:00,78.57530416964052
2011-03-24 14:00:00,71.36377355964767
2011-03-24 15:00:00,67.16044656695415
2011-03-24 16:00:00,87.7927050022754
2011-03-24 17:00:00,195.61894156266217
2011-03-24 18:00:00,178.1886645828815
2011-03-24 19:00:00,122.75877841857795
2011-03-24 20:00:00,80.57763047874073
2011-03-24 21:00:00,58.88384283519985
2011-03-24 22:00:00,50.75455506086103
2011-03-24 23:00:00,30.52003556902343
2011-03-25 00:00:00,17.206895851214302
2011-03-25 01:00:00,6.130430213254732
2011-03-25 02:00:00,2.8817263171096115
2011-03-25 03:00:00,2.851163696680742
2011-03-25 04:00:00,1.8025816432965316
2011-03-25 05:00:00,7.647363031170025
2011-03-25 06:00:00,32.73388983621068
2011-03-25 07:00:00,104.72832123663954
2011-03-25 08:00:00,212.98224656054427
2011-03-25 09:00:00,130.41653129090713
2011-03-25 10:00:00,68.72774655184713
2011-03-25 11:00:00,68.07455367724553
2011-03-25 12:00:00,94.63184430356091
2011-03-25 13:00:00,93.62445176702637
2011-03-25 14:00:00,102.00561092530242
2011-03-25 15:00:00,96.05201643640996
2011-03-25 16:00:00,117.0168370901191
2011-03-25 17:00:00,199.19906657883524
2011-03-25 18:00:00,190.9396346175364
2011-03-25 19:00:00,138.95965988252271
2011-03-25 20:00:00,87.00421872395431
2011-03-25 21:00:00,66.3547979323775
2011-03-25 22:00:00,48.01027513665574
2011-03-25 23:00:00,33.744422876987166
2011-03-26 00:00:00,31.219211021702932
2011-03-26 01:00:00,22.951823398265958
2011-03-26 02:00:00,16.23046235691953
2011-03-26 03:00:00,9.862085153781022
2011-03-26 04:00:00,2.463847948534475
2011-03-26 05:00:00,2.5048478614767453
2011-03-26 06:00:00,8.420370314308903
2011-03-26 07:00:00,19.2506885836391
2011-03-26 08:00:00,37.91548741546066
2011-03-26 09:00:00,57.04564361065272
2011-03-26 10:00:00,90.6947908071731
2011-03-26 11:00:00,98.25656458040494
2011-03-26 12:00:00,112.15970509190954
2011-03-26 13:00:00,136.13217505846572
2011-03-26 14:00:00,139.17590133162275
2011-03-26 15:00:00,148.20941978219295
2011-03-26 16:00:00,142.76957886561894
2011-03-26 17:00:00,125.08714664051664
2011-03-26 18:00:00,115.76175626331835
2011-03-26 19:00:00,69.31397512576419
2011-03-26 20:00:00,60.4422914323075
2011-03-26 21:00:00,52.34895079075829
2011-03-26 22:00:00,49.50088969185686
2011-03-26 23:00:00,33.750390975995444
2011-03-27 00:00:00,35.523470326409694
2011-03-27 01:00:00,24.936035182601778
2011-03-27 02:00:00,17.951207331819656
2011-03-27 03:00:00,10.934626330723777
2011-03-27 04:00:00,4.088615639043716
2011-03-27 06:00:00,7.043169316646239
2011-03-27 07:00:00,15.665353162623433
2011-03-27 08:00:00,29.361601681466308
2011-03-27 09:00:00,46.06856265513906
2011-03-27 10:00:00,68.20273088325983
2011-03-27 11:00:00,86.90916734243807
2011-03-27 12:00:00,93.88423108540078
2011-03-27 13:00:00,109.50134074698003
2011-03-27 14:00:00,130.7909203599539
2011-03-27 15:00:00,138.0269864386942
2011-03-27 16:00:00,146.2442433158692
2011-03-27 17:00:00,122.77034246514486
2011-03-27 18:00:00,94.96522079788306
2011-03-27 19:00:00,71.72463032709787
2011-03-27 20:00:00,53.362354837299236
2011-03-27 21:00:00,45.141897075015876
2011-03-27 22:00:00,42.80232203867488
2011-03-27 23:00:00,31.73084206153741
2011-03-28 00:00:00,14.459185026681592
2011-03-28 01:00:00,4.689637104175687
2011-03-28 02:00:00,3.6757805241477968
2011-03-28 03:00:00,2.3397429206386637
2011-03-28 05:00:00,6.28135143958904
2011-03-28 06:00:00,35.172244875946475
2011-03-28 07:00:00,104.67480388354969
2011-03-28 08:00:00,195.93544352286264
2011-03-28 09:00:00,120.14349001778403
2011-03-28 10:00:00,56.20029226361564
2011-03-28 11:00:00,49.61842863005209
2011-03-28 12:00:00,63.044662113134436
2011-03-28 13:00:00,69.81676853480087
2011-03-28 14:00:00,74.94902392040166
2011-03-28 15:00:00,73.25543168324842
2011-03-28 16:00:00,108.20693405819696
2011-03-28 17:00:00,206.82506194412878
2011-03-28 18:00:00,202.0299125525145
2011-03-28 19:00:00,147.92254284844046
2011-03-28 20:00:00,96.75659451880152
2011-03-28 21:00:00,71.33209531122948
2011-03-28 22:00:00,54.6621221738214
2011-03-28 23:00:00,27.655145393520975
2011-03-29 00:00:00,15.032136654485083
2011-03-29 01:00:00,3.3053308857344206
2011-03-29 02:00:00,4.14958676882727
2011-03-29 03:00:00,2.8236969383685238
2011-03-29 04:00:00,1.7751962949183162
2011-03-29 05:00:00,6.703001512619067
2011-03-29 06:00:00,35.56639709883826
2011-03-29 07:00:00,109.65993353591466
2011-03-29 08:00:00,223.25836405553125
2011-03-29 09:00:00,133.0482653018977
2011-03-29 10:00:00,58.606715076063374
2011-03-29 11:00:00,66.95668320344437
2011-03-29 12:00:00,85.07044592455104
2011-03-29 13:00:00,72.51696662616936
2011-03-29 14:00:00,93.80298220630335
2011-03-29 15:00:00,98.86774911072001
2011-03-29 16:00:00,121.1510860405933
2011-03-29 17:00:00,197.10379679867444
2011-03-29 18:00:00,219.03658550024235
2011-03-29 19:00:00,152.20940664221712
2011-03-29 20:00:00,106.81055913774459
2011-03-29 21:00:00,82.34652401562833
2011-03-29 22:00:00,67.47550361052224
2011-03-29 23:00:00,29.216026197627833
2011-03-30 00:00:00,17.014922636867432
2011-03-30 01:00:00,7.179249787801652
2011-03-30 02:00:00,5.403204033152117
2011-03-30 03:00:00,3.110674916017911
2011-03-30 04:00:00,3.162690780184774
2011-03-30 05:00:00,9.231102563961203
2011-03-30 06:00:00,45.48819547673264
2011-03-30 07:00:00,101.13655349130747
2011-03-30 08:00:00,207.13683762501503
2011-03-30 09:00:00,132.03681443142864
2011-03-30 10:00:00,75.18028344930036
2011-03-30 11:00:00,76.45837156971321
2011-03-30 12:00:00,86.19060745717233
2011-03-30 13:00:00,91.09465323614693
2011-03-30 14:00:00,88.83779367005057
2011-03-30 15:00:00,34.32544273615922
2011-03-30 16:00:00,45.318370181174956
2011-03-30 17:00:00,105.46098719644424
2011-03-30 18:00:00,137.5742020801682
2011-03-30 19:00:00,94.73237178348354
2011-03-30 20:00:00,52.9903665092257
2011-03-30 21:00:00,55.33663671503084
2011-03-30 22:00:00,34.887952951660374
2011-03-30 23:00:00,24.600442448586076
2011-03-31 00:00:00,8.733155431537979
2011-03-31 01:00:00,5.29772034262792
2011-03-31 02:00:00,4.442640366247929
2011-03-31 03:00:00,2.8277236057250583
2011-03-31 04:00:00,2.327640757148883
2011-03-31 05:00:00,7.273774239180961
2011-03-31 06:00:00,28.453407017244658
2011-03-31 07:00:00,77.63850330962771
2011-03-31 08:00:00,178.1361144606634
2011-03-31 09:00:00,70.91591004179286
2011-03-31 10:00:00,36.11011757642707
2011-03-31 11:00:00,39.426153267512234
2011-03-31 12:00:00,41.25479477355858
2011-03-31 13:00:00,38.83762812576416
2011-03-31 14:00:00,38.777268924922545
2011-03-31 15:00:00,29.855504133877297
2011-03-31 16:00:00,74.76858921299771
2011-03-31 17:00:00,162.68297002348757
2011-03-31 18:00:00,160.73264060000898
2011-03-31 19:00:00,119.27515074877934
2011-03-31 20:00:00,51.14833044381074
2011-03-31 21:00:00,54.78642617376395
2011-03-31 22:00:00,34.09538617268629
2011-03-31 23:00:00,33.62443481072063
2011-04-20 00:00:00,25.317921064915435
2011-04-20 01:00:00,6.385130058777744
2011-04-20 02:00:00,7.000610354894935
2011-04-20 03:00:00,3.938742398893843
2011-04-20 04:00:00,4.189983677736456
2011-04-20 05:00:00,12.62558879326909
2011-04-20 06:00:00,51.44992396761343
2011-04-20 07:00:00,129.0619902866681
2011-04-20 08:00:00,270.63120573515994
2011-04-20 09:00:00,149.5847322453765
2011-04-20 10:00:00,106.75040831142226
2011-04-20 11:00:00,112.17928394754384
2011-04-20 12:00:00,149.76537945151892
2011-04-20 13:00:00,152.04796596181868
2011-04-20 14:00:00,151.07734766290105
2011-04-20 15:00:00,148.59948587171414
2011-04-20 16:00:00,195.90269264136023
2011-04-20 17:00:00,347.40247000023226
2011-04-20 18:00:00,358.2578188901176
2011-04-20 19:00:00,271.934366271073
2011-04-20 20:00:00,167.67307882634782
2011-04-20 21:00:00,143.43515567061922
2011-04-20 22:00:00,121.00172293514855
2011-04-20 23:00:00,76.61817087253944
2011-04-21 00:00:00,28.601684535661047
2011-04-21 01:00:00,12.991933765695846
2011-04-21 02:00:00,12.477753510420651
2011-04-21 03:00:00,4.239173254695064
2011-04-21 04:00:00,4.329480737504218
2011-04-21 05:00:00,7.606899670489131
2011-04-21 06:00:00,52.037384944774985
2011-04-21 07:00:00,114.49012701153647
2011-04-21 08:00:00,145.2614202567927
2011-04-21 09:00:00,137.33318772805316
2011-04-21 10:00:00,105.97741667511268
2011-04-21 11:00:00,116.92030874577134
2011-04-21 12:00:00,132.02508229858105
2011-04-21 13:00:00,130.0576831339132
2011-04-21 14:00:00,129.77335171903843
2011-04-21 15:00:00,131.80325264835722
2011-04-21 16:00:00,180.91924809876258
2011-04-21 17:00:00,338.55032616748554
2011-04-21 18:00:00,321.55948033616335
2011-04-21 19:00:00,219.84843235227615
2011-04-21 20:00:00,167.42992141872116
2011-04-21 21:00:00,111.74248051714592
2011-04-21 22:00:00,96.1013001027662
2011-04-21 23:00:00,47.31430115775151
2011-04-22 00:00:00,27.72701841871327
2011-04-22 01:00:00,10.224938080643298
2011-04-22 02:00:00,8.87242425759822
2011-04-22 03:00:00,4.4480896535755905
2011-04-22 04:00:00,3.8768347341100498
2011-04-22 05:00:00,10.503627504366067
2011-04-22 06:00:00,46.44756757221845
2011-04-22 07:00:00,102.84613039464956
2011-04-22 08:00:00,169.8228846085316
2011-04-22 09:00:00,92.25524178654574
2011-04-22 10:00:00,92.44093964340531
2011-04-22 11:00:00,68.31407632844906
2011-04-22 12:00:00,74.63271800400852
2011-04-22 13:00:00,49.473301126036766
2011-04-22 14:00:00,26.10336995398529
2011-04-22 15:00:00,52.14051627108662
2011-04-22 16:00:00,77.28010921655965
2011-04-22 17:00:00,95.4753921376007
2011-04-22 18:00:00,91.69908066617143
2011-04-22 19:00:00,62.52797361952098
2011-04-22 20:00:00,54.220075995222786
2011-04-22 21:00:00,52.05345227731998
2011-04-22 22:00:00,39.42597423309581
2011-04-22 23:00:00,40.83790218439138
2011-04-23 00:00:00,30.65246520120475
2011-04-23 01:00:00,28.298236036425603
2011-04-23 02:00:00,22.955754968852965
2011-04-23 03:00:00,15.497450713748655
2011-04-23 04:00:00,4.526913872596461
2011-04-23 05:00:00,4.472362118533385
2011-04-23 06:00:00,11.448320562179052
2011-04-23 07:00:00,31.977037938064782
2011-04-23 08:00:00,33.343100713101194
2011-04-23 09:00:00,69.68445723060546
2011-04-23 10:00:00,91.27608446588687
2011-04-23 11:00:00,101.49050427474552
2011-04-23 12:00:00,122.58967075730098
2011-04-23 13:00:00,133.46961816499353
2011-04-23 14:00:00,187.1848667403213
2011-04-23 15:00:00,225.87739906054955
2011-04-23 16:00:00,231.7841230132418
2011-04-23 17:00:00,266.6902183774736
2011-04-23 18:00:00,212.3183470996716
2011-04-23 19:00:00,138.47041489100238
2011-04-23 20:00:00,93.48104737801695
2011-04-23 21:00:00,108.05904444818066
2011-04-23 22:00:00,98.70868982687993
2011-04-23 23:00:00,70.0945855186152
2011-04-24 00:00:00,40.48096602103854
2011-04-24 01:00:00,32.31960019685455
2011-04-24 02:00:00,28.9027883632408
2011-04-24 03:00:00,20.54553798989827
2011-04-24 04:00:00,6.2685022260671435
2011-04-24 05:00:00,6.843639202258198
2011-04-24 06:00:00,10.788869220020853
2011-04-24 07:00:00,39.57565946758618
2011-04-24 08:00:00,73.20300229316285
2011-04-24 09:00:00,106.99584963777212
2011-04-24 10:00:00,196.29694527029812
2011-04-24 11:00:00,278.11615528998385
2011-04-24 12:00:00,283.18101804670886
2011-04-24 13:00:00,296.4938177575309
2011-04-24 14:00:00,306.97528148894594
2011-04-24 15:00:00,301.2506931840743
2011-04-24 16:00:00,284.9855162755741
2011-04-24 17:00:00,280.8996592673855
2011-04-24 18:00:00,267.6676966207807
2011-04-24 19:00:00,118.5344124181859
2011-04-24 20:00:00,92.69428250179817
2011-04-24 21:00:00,60.83267164746257
2011-04-24 22:00:00,34.810810382255895
2011-04-24 23:00:00,38.01289323771522
2011-04-25 00:00:00,18.795330341685393
2011-04-25 01:00:00,6.767731354111382
2011-04-25 02:00:00,6.176768149507839
2011-04-25 03:00:00,4.047714632122281
2011-04-25 04:00:00,3.895068877505084
2011-04-25 05:00:00,12.535409948273486
2011-04-25 06:00:00,55.81248149551676
2011-04-25 07:00:00,99.34033188712557
2011-04-25 08:00:00,232.01436736943128
2011-04-25 09:00:00,143.89528438300619
2011-04-25 10:00:00,99.71732283916353
2011-04-25 11:00:00,107.31989378685996
2011-04-25 12:00:00,124.68813590738925
2011-04-25 13:00:00,146.53359574409424
2011-04-25 14:00:00,151.9681426673667
2011-04-25 15:00:00,156.28160878372375
2011-04-25 16:00:00,201.0454729626692
2011-04-25 17:00:00,373.5948561020556
2011-04-25 18:00:00,368.0648774630638
2011-04-25 19:00:00,278.07025592732157
2011-04-25 20:00:00,173.97570349634492
2011-04-25 21:00:00,144.98201338103325
2011-04-25 22:00:00,105.7933423942766
2011-04-25 23:00:00,55.950006075962
2011-04-26 00:00:00,26.26307462173957
2011-04-26 01:00:00,10.39976829962399
2011-04-26 02:00:00,6.3536079605646885
2011-04-26 03:00:00,4.23567451945465
2011-04-26 04:00:00,4.234482356323024
2011-04-26 05:00:00,10.34876954796568
2011-04-26 06:00:00,53.71403539481486
2011-04-26 07:00:00,149.22982521529852
2011-04-26 08:00:00,227.86846942396687
2011-04-26 09:00:00,131.334777458614
2011-04-26 10:00:00,101.5901483231879
2011-04-26 11:00:00,116.88605302107872
2011-04-26 12:00:00,138.6681431666157
2011-04-26 13:00:00,148.2966882019429
2011-04-26 14:00:00,146.75325014760242
2011-04-26 15:00:00,144.49165192383754
2011-04-26 16:00:00,198.69464638830635
2011-04-26 17:00:00,372.71618773880397
2011-04-26 18:00:00,359.15506108975325
2011-04-26 19:00:00,240.93580260537138
2011-04-26 20:00:00,163.88487596730553
2011-04-26 21:00:00,141.5042041341184
2011-04-26 22:00:00,107.97519476069948
2011-04-26 23:00:00,57.26058050692484
2011-04-27 00:00:00,26.615425612256576
2011-04-27 01:00:00,10.52838469672686
2011-04-27 02:00:00,6.803774036855945
2011-04-27 03:00:00,3.689804223272847
2011-04-27 04:00:00,4.164845448315292
2011-04-27 05:00:00,9.602453671598385
2011-04-27 06:00:00,54.007158674826115
2011-04-27 07:00:00,141.37239176828822
2011-04-27 08:00:00,219.78492034478322
2011-04-27 09:00:00,108.04182208089215
2011-04-27 10:00:00,91.59467343672615
2011-04-27 11:00:00,101.76486522144516
2011-04-27 12:00:00,115.69990369137058
2011-04-27 13:00:00,117.67246866466571
2011-04-27 14:00:00,125.36554898701439
2011-04-27 15:00:00,137.05488371753978
2011-04-27 16:00:00,185.5796793037223
2011-04-27 17:00:00,137.6825623702695
2011-04-27 18:00:00,136.06812774743292
2011-04-27 19:00:00,220.12329156911798
2011-04-27 20:00:00,115.42966265963135
2011-04-27 21:00:00,103.47138567037965
2011-04-27 22:00:00,100.87500436853662
2011-04-27 23:00:00,63.63818258809968
2011-04-28 00:00:00,30.667652950337775
2011-04-28 01:00:00,11.436929258097203
2011-04-28 02:00:00,7.4186257277722145
2011-04-28 03:00:00,4.563014623699107
2011-04-28 04:00:00,4.249540975243693
2011-04-28 05:00:00,8.324272648951704
2011-04-28 06:00:00,52.59320105390069
2011-04-28 07:00:00,155.53116773544554
2011-04-28 08:00:00,254.9966483729854
2011-04-28 09:00:00,104.67920060237853
2011-04-28 10:00:00,91.67512784439216
2011-04-28 11:00:00,95.64294041522055
2011-04-28 12:00:00,114.97735879167193
2011-04-28 13:00:00,103.40577508247033
2011-04-28 14:00:00,105.74757446363674
2011-04-28 15:00:00,134.3864425401052
2011-04-28 16:00:00,179.49809325309994
2011-04-28 17:00:00,358.0400449935012
2011-04-28 18:00:00,350.70160246639716
2011-04-28 19:00:00,257.4232713442362
2011-04-28 20:00:00,168.01959797478835
2011-04-28 21:00:00,140.15292414861273
2011-04-28 22:00:00,110.10378160373375
2011-04-28 23:00:00,60.27565684575809
2011-04-29 00:00:00,34.497509793531044
2011-04-29 01:00:00,16.420802912166096
2011-04-29 02:00:00,10.887581704323386
2011-04-29 03:00:00,5.622209649918189
2011-04-29 04:00:00,4.361020896977621
2011-04-29 05:00:00,12.460049174749456
2011-04-29 06:00:00,52.932810672511756
2011-04-29 07:00:00,180.8589029353796
2011-04-29 08:00:00,266.46400125208686
2011-04-29 09:00:00,162.11183079710142
2011-04-29 10:00:00,143.55489969426202
2011-04-29 11:00:00,154.37758372019942
2011-04-29 12:00:00,171.42836839024687
2011-04-29 13:00:00,174.97531937610205
2011-04-29 14:00:00,188.42349421410523
2011-04-29 15:00:00,168.08506633975367
2011-04-29 16:00:00,221.66739256420965
2011-04-29 17:00:00,329.7741055588081
2011-04-29 18:00:00,324.7159812920352
2011-04-29 19:00:00,215.8091865351445
2011-04-29 20:00:00,147.38238693125152
2011-04-29 21:00:00,116.78842201669516
2011-04-29 22:00:00,98.38268843378019
2011-04-29 23:00:00,49.506763803345365
2011-04-30 00:00:00,37.1069888543425
2011-04-30 01:00:00,34.601042049672294
2011-04-30 02:00:00,27.651668846920483
2011-04-30 03:00:00,15.978259535943558
2011-04-30 04:00:00,3.733143141849686
2011-04-30 05:00:00,4.088359782367032
2011-04-30 06:00:00,17.734098726230958
2011-04-30 07:00:00,39.632305093810146
2011-04-30 08:00:00,74.2379544489628
2011-04-30 09:00:00,140.60803742962267
2011-04-30 10:00:00,202.13513627641484
2011-04-30 11:00:00,230.83367894174074
2011-04-30 12:00:00,254.58569846296575
2011-04-30 13:00:00,265.6688690229447
2011-04-30 14:00:00,266.216013814895
2011-04-30 15:00:00,272.8868230755045
2011-04-30 16:00:00,275.34116797506425
2011-04-30 17:00:00,292.2007344508495
2011-04-30 18:00:00,280.9720297018013
2011-04-30 19:00:00,229.494046334354
2011-04-30 20:00:00,134.43021114207377
2011-04-30 21:00:00,104.7986722375872
2011-04-30 22:00:00,91.26238056583021
2011-04-30 23:00:00,52.98653613354304
2011-05-20 00:00:00,25.509570626676414
2011-05-20 01:00:00,12.138883295811224
2011-05-20 02:00:00,10.223299586633052
2011-05-20 03:00:00,4.6982642530842025
2011-05-20 04:00:00,4.751968023016554
2011-05-20 05:00:00,17.985216545847152
2011-05-20 06:00:00,85.08681029833956
2011-05-20 07:00:00,258.58774467236043
2011-05-20 08:00:00,404.4343029343991
2011-05-20 09:00:00,209.14431262821608
2011-05-20 10:00:00,151.73590048041498
2011-05-20 11:00:00,161.98478473420445
2011-05-20 12:00:00,227.81775552084116
2011-05-20 13:00:00,208.09811981871002
2011-05-20 14:00:00,232.11859804632797
2011-05-20 15:00:00,228.77987270844392
2011-05-20 16:00:00,356.89536122935766
2011-05-20 17:00:00,451.4644914903551
2011-05-20 18:00:00,463.98585264435013
2011-05-20 19:00:00,335.5028318422193
2011-05-20 20:00:00,224.34817113757163
2011-05-20 21:00:00,175.45293814092955
2011-05-20 22:00:00,132.16972564254507
2011-05-20 23:00:00,101.84740565188449
2011-05-21 00:00:00,93.82605617653014
2011-05-21 01:00:00,73.72512944352663
2011-05-21 02:00:00,63.86395460971383
2011-05-21 03:00:00,27.101238479787664
2011-05-21 04:00:00,6.11854583937886
2011-05-21 05:00:00,7.7768961748185195
2011-05-21 06:00:00,22.9360890632393
2011-05-21 07:00:00,56.544154633984135
2011-05-21 08:00:00,116.18683088641073
2011-05-21 09:00:00,205.73664033589984
2011-05-21 10:00:00,295.1514800420525
2011-05-21 11:00:00,370.7847355231407
2011-05-21 12:00:00,381.478205305262
2011-05-21 13:00:00,382.2929538201968
2011-05-21 14:00:00,380.21945163889944
2011-05-21 15:00:00,387.45864130499837
2011-05-21 16:00:00,396.6312653636419
2011-05-21 17:00:00,407.64357165274333
2011-05-21 18:00:00,365.36837965303664
2011-05-21 19:00:00,343.1918728051625
2011-05-21 20:00:00,221.7569886292678
2011-05-21 21:00:00,179.44918666313046
2011-05-21 22:00:00,131.3306030842598
2011-05-21 23:00:00,100.17931025326934
2011-05-22 00:00:00,100.1945043420031
2011-05-22 01:00:00,66.34240986752955
2011-05-22 02:00:00,61.963442900114856
2011-05-22 03:00:00,28.580497265095758
2011-05-22 04:00:00,9.228100724528456
2011-05-22 05:00:00,9.97534519762166
2011-05-22 06:00:00,11.0881773062503
2011-05-22 07:00:00,50.02076577214706
2011-05-22 08:00:00,91.11178808018177
2011-05-22 09:00:00,171.81675971412483
2011-05-22 10:00:00,268.0692466856675
2011-05-22 11:00:00,368.1348442682807
2011-05-22 12:00:00,378.4179486552212
2011-05-22 13:00:00,369.6214225204067
2011-05-22 14:00:00,278.8242078200221
2011-05-22 15:00:00,369.40115988655475
2011-05-22 16:00:00,376.9185603761633
2011-05-22 17:00:00,377.0160591585132
2011-05-22 18:00:00,345.37861222356696
2011-05-22 19:00:00,320.35208815887967
2011-05-22 20:00:00,229.2439966827097
2011-05-22 21:00:00,166.84464588744177
2011-05-22 22:00:00,112.8872440024157
2011-05-22 23:00:00,71.96549255314125
2011-05-23 00:00:00,26.17676109567275
2011-05-23 01:00:00,11.68998717471039
2011-05-23 02:00:00,5.996480756865094
2011-05-23 03:00:00,3.76119954963921
2011-05-23 04:00:00,4.861562334220296
2011-05-23 05:00:00,16.66761737365308
2011-05-23 06:00:00,97.89351633490993
2011-05-23 07:00:00,178.8105469925089
2011-05-23 08:00:00,380.89187409908396
2011-05-23 09:00:00,194.7446186020258
2011-05-23 10:00:00,121.24282318265385
2011-05-23 11:00:00,149.30825669260335
2011-05-23 12:00:00,185.68729079371732
2011-05-23 13:00:00,175.4959400336889
2011-05-23 14:00:00,162.39419140610832
2011-05-23 15:00:00,167.29467617584666
2011-05-23 16:00:00,291.04270702646636
2011-05-23 17:00:00,417.00662086695115
2011-05-23 18:00:00,480.12757592257674
2011-05-23 19:00:00,369.4868838317932
2011-05-23 20:00:00,174.0108645453476
2011-05-23 21:00:00,126.07668482151077
2011-05-23 22:00:00,105.8643936483242
2011-05-23 23:00:00,62.56861426908676
2011-05-24 00:00:00,20.53403205393085
2011-05-24 01:00:00,10.528501669866237
2011-05-24 02:00:00,6.763705952118974
2011-05-24 03:00:00,4.23027197726482
2011-05-24 04:00:00,4.8594610420591895
2011-05-24 05:00:00,16.42036414198608
2011-05-24 06:00:00,99.76358953249562
2011-05-24 07:00:00,143.61136618198938
2011-05-24 08:00:00,253.30055337920408
2011-05-24 09:00:00,212.28757693374513
2011-05-24 10:00:00,119.8286536434529
2011-05-24 11:00:00,153.8610387625466
2011-05-24 12:00:00,180.20430737969468
2011-05-24 13:00:00,181.33192124647616
2011-05-24 14:00:00,168.5434527093306
2011-05-24 15:00:00,164.86403525726692
2011-05-24 16:00:00,300.7356072897074
2011-05-24 17:00:00,446.21245499345775
2011-05-24 18:00:00,515.2839089737258
2011-05-24 19:00:00,358.26129517324944
2011-05-24 20:00:00,265.16316452162255
2011-05-24 21:00:00,180.77936611699715
2011-05-24 22:00:00,61.154317910355964
2011-05-24 23:00:00,83.73815085715675
2011-05-25 00:00:00,25.81066737638993
2011-05-25 01:00:00,12.05294520056619
2011-05-25 02:00:00,7.345870098899875
2011-05-25 03:00:00,4.377384323891124
2011-05-25 04:00:00,4.74388495746953
2011-05-25 05:00:00,20.408635959918072
2011-05-25 06:00:00,102.00366439092015
2011-05-25 07:00:00,280.7346271081434
2011-05-25 08:00:00,399.9134834489545
2011-05-25 09:00:00,213.0202850448547
2011-05-25 10:00:00,121.92827888107452
2011-05-25 11:00:00,159.3573952909794
2011-05-25 12:00:00,183.04332330522135
2011-05-25 13:00:00,175.93067798585986
2011-05-25 14:00:00,161.7221334464598
2011-05-25 15:00:00,166.7925406674189
2011-05-25 16:00:00,289.07105000646334
2011-05-25 17:00:00,558.7153206509921
2011-05-25 18:00:00,532.4484716591153
2011-05-25 19:00:00,378.1841669329547
2011-05-25 20:00:00,275.5576009456584
2011-05-25 21:00:00,193.86973702345364
2011-05-25 22:00:00,152.3385707404075
2011-05-25 23:00:00,93.8231077062302
2011-05-26 00:00:00,42.71647579936405
2011-05-26 01:00:00,18.799106893882378
2011-05-26 02:00:00,10.56233101942588
2011-05-26 03:00:00,4.550850558862125
2011-05-26 04:00:00,5.200640213349064
2011-05-26 05:00:00,20.525474267134864
2011-05-26 06:00:00,99.78384315530614
2011-05-26 07:00:00,167.8735657106967
2011-05-26 08:00:00,427.5294601583411
2011-05-26 09:00:00,214.1645020705567
2011-05-26 10:00:00,121.7752722264495
2011-05-26 11:00:00,153.19945123974935
2011-05-26 12:00:00,179.0905642284322
2011-05-26 13:00:00,175.96392575187764
2011-05-26 14:00:00,164.41218234729692
2011-05-26 15:00:00,174.32050473573048
2011-05-26 16:00:00,291.6272806043205
2011-05-26 17:00:00,533.5191463193236
2011-05-26 18:00:00,522.4569886430917
2011-05-26 19:00:00,358.66004526638307
2011-05-26 20:00:00,269.47046955127325
2011-05-26 21:00:00,194.16549638221264
2011-05-26 22:00:00,156.48015323261717
2011-05-26 23:00:00,119.9799300881959
2011-05-27 00:00:00,53.9687740453554
2011-05-27 01:00:00,26.007636094042333
2011-05-27 02:00:00,14.62000076501723
2011-05-27 03:00:00,4.851684848804997
2011-05-27 04:00:00,4.873457481661925
2011-05-27 05:00:00,24.276440381887916
2011-05-27 06:00:00,96.64196481148306
2011-05-27 07:00:00,274.1168201149064
2011-05-27 08:00:00,409.00495258135663
2011-05-27 09:00:00,210.25025221909993
2011-05-27 10:00:00,149.21433015874638
2011-05-27 11:00:00,160.7351306412741
2011-05-27 12:00:00,216.71743817424348
2011-05-27 13:00:00,218.5816779184576
2011-05-27 14:00:00,217.8005343109608
2011-05-27 15:00:00,221.39283324871028
2011-05-27 16:00:00,331.0226550797647
2011-05-27 17:00:00,529.0493855019342
2011-05-27 18:00:00,441.0797050608524
2011-05-27 19:00:00,272.0569602722467
2011-05-27 20:00:00,225.26487630551728
2011-05-27 21:00:00,145.49517652422145
2011-05-27 22:00:00,133.8682655456647
2011-05-27 23:00:00,93.33655091035065
2011-05-28 00:00:00,98.71529680384565
2011-05-28 01:00:00,83.71903099696145
2011-05-28 02:00:00,60.43750119207306
2011-05-28 03:00:00,26.488173225733465
2011-05-28 04:00:00,5.8987766622359405
2011-05-28 05:00:00,7.618966529644878
2011-05-28 06:00:00,22.78203538498564
2011-05-28 07:00:00,60.272424484222995
2011-05-28 08:00:00,113.7352620626293
2011-05-28 09:00:00,201.38008751737385
2011-05-28 10:00:00,273.6108409526395
2011-05-28 11:00:00,366.81734481408165
2011-05-28 12:00:00,387.51921708655095
2011-05-28 13:00:00,389.7559511025032
2011-05-28 14:00:00,372.6464802684342
2011-05-28 15:00:00,387.47483517003354
2011-05-28 16:00:00,390.25406642634925
2011-05-28 17:00:00,392.1378594938855
2011-05-28 18:00:00,354.149472235395
2011-05-28 19:00:00,310.98990002738503
2011-05-28 20:00:00,249.862090885418
2011-05-28 21:00:00,190.6637140596697
2011-05-28 22:00:00,157.14097478947969
2011-05-28 23:00:00,129.35655012735901
2011-05-29 00:00:00,103.55601852823823
2011-05-29 01:00:00,84.92439436989808
2011-05-29 02:00:00,62.85704543152176
2011-05-29 03:00:00,26.65178013144939
2011-05-29 04:00:00,8.815217486457843
2011-05-29 05:00:00,8.359578940351293
2011-05-29 06:00:00,13.23870777966546
2011-05-29 07:00:00,45.342380091372185
2011-05-29 08:00:00,80.33386686669847
2011-05-29 09:00:00,81.32331185247877
2011-05-29 10:00:00,190.39040622063882
2011-05-29 11:00:00,219.9948700811077
2011-05-29 12:00:00,371.7766431274885
2011-05-29 13:00:00,375.08800125187906
2011-05-29 14:00:00,362.68871735352474
2011-05-29 15:00:00,366.18931655561846
2011-05-29 16:00:00,347.45944286960764
2011-05-29 17:00:00,361.7017242383449
2011-05-29 18:00:00,265.4751077910415
2011-05-29 19:00:00,266.9572395685716
2011-05-29 20:00:00,199.8840037734178
2011-05-29 21:00:00,165.40894435883507
2011-05-29 22:00:00,121.36135912562148
2011-05-29 23:00:00,92.85870193404475
2011-05-30 00:00:00,37.38589802600534
2011-05-30 01:00:00,56.9517410905237
2011-05-30 02:00:00,40.89910492795048
2011-05-30 03:00:00,14.675763141546389
2011-05-30 04:00:00,7.437500867413277
2011-05-30 05:00:00,8.034763897643202
2011-05-30 06:00:00,24.078031855470734
2011-05-30 07:00:00,71.18571243983027
2011-05-30 08:00:00,122.15965874248474
2011-05-30 09:00:00,218.13699071366807
2011-05-30 10:00:00,274.86296913078985
2011-05-30 11:00:00,358.0314198097352
2011-05-30 12:00:00,368.6203157211212
2011-05-30 13:00:00,360.82292382583483
2011-05-30 14:00:00,357.8585584276593
2011-05-30 15:00:00,347.578880771829
2011-05-30 16:00:00,315.84922079181473
2011-05-30 17:00:00,485.10783157442
2011-05-30 18:00:00,466.3150612354395
2011-05-30 19:00:00,314.72860918297545
2011-05-30 20:00:00,295.592843232515
2011-05-30 21:00:00,323.88150910683174
2011-05-30 22:00:00,181.2982103227231
2011-05-30 23:00:00,87.3620328877738
2011-05-31 00:00:00,36.99994289562227
2011-05-31 01:00:00,16.449579690169443
2011-05-31 02:00:00,7.319258738218309
2011-05-31 03:00:00,3.934265115247676
2011-05-31 04:00:00,5.3715700714328785
2011-05-31 05:00:00,19.237318212581926
2011-05-31 06:00:00,110.16301360780886
2011-05-31 07:00:00,276.8392776742851
2011-05-31 08:00:00,406.70148023433205
2011-05-31 09:00:00,190.92776900408143
2011-05-31 10:00:00,121.61069420607133
2011-05-31 11:00:00,141.71556339560243
2011-05-31 12:00:00,153.03314059606032
2011-05-31 13:00:00,153.8297752236345
2011-05-31 14:00:00,144.96013930927774
2011-05-31 15:00:00,148.77571783987972
2011-05-31 16:00:00,236.70473455840607
2011-05-31 17:00:00,515.2281217169672
2011-05-31 18:00:00,503.9697661357115
2011-05-31 19:00:00,374.49847915062304
2011-05-31 20:00:00,262.00144006246876
2011-05-31 21:00:00,196.01508155229564
2011-05-31 22:00:00,151.65141384685518
2011-05-31 23:00:00,80.51622496578392
2011-06-20 00:00:00,31.507898069440778
2011-06-20 01:00:00,13.51194158867343
2011-06-20 02:00:00,6.925515017084375
2011-06-20 03:00:00,3.6186391244559672
2011-06-20 04:00:00,4.179038978530942
2011-06-20 05:00:00,13.377235971435713
2011-06-20 06:00:00,74.17457027214863
2011-06-20 07:00:00,148.0745660676029
2011-06-20 08:00:00,240.24430839199255
2011-06-20 09:00:00,211.4163875783267
2011-06-20 10:00:00,122.75283840147553
2011-06-20 11:00:00,133.2006451087701
2011-06-20 12:00:00,177.88236264383045
2011-06-20 13:00:00,183.16741342186583
2011-06-20 14:00:00,171.01446457746633
2011-06-20 15:00:00,172.14144580512254
2011-06-20 16:00:00,302.90338536351885
2011-06-20 17:00:00,497.5030052806695
2011-06-20 18:00:00,539.1770923907372
2011-06-20 19:00:00,383.6977035273921
2011-06-20 20:00:00,276.8499687755947
2011-06-20 21:00:00,182.11483580262993
2011-06-20 22:00:00,115.89359089305142
2011-06-20 23:00:00,82.22338781593362
2011-06-21 00:00:00,35.117181120397596
2011-06-21 01:00:00,10.166031387077878
2011-06-21 02:00:00,6.113591010169713
2011-06-21 03:00:00,3.9218877645591315
2011-06-21 04:00:00,4.813052431768033
2011-06-21 05:00:00,21.41911940227553
2011-06-21 06:00:00,107.90808851297064
2011-06-21 07:00:00,166.127053386494
2011-06-21 08:00:00,423.37520479650226
2011-06-21 09:00:00,204.90018746745764
2011-06-21 10:00:00,125.44663244591261
2011-06-21 11:00:00,127.73713226117087
2011-06-21 12:00:00,164.48445177236033
2011-06-21 13:00:00,167.46128789731696
2011-06-21 14:00:00,162.7159870629091
2011-06-21 15:00:00,165.1188586575455
2011-06-21 16:00:00,290.3774287421966
2011-06-21 17:00:00,557.7033358220338
2011-06-21 18:00:00,513.5610726930843
2011-06-21 19:00:00,362.98948595897303
2011-06-21 20:00:00,230.24807485644877
2011-06-21 21:00:00,198.3795720688077
2011-06-21 22:00:00,158.07793975329997
2011-06-21 23:00:00,87.87006699428198
2011-06-22 00:00:00,36.194638900431684
2011-06-22 01:00:00,17.670785292107478
2011-06-22 02:00:00,7.741167546122924
2011-06-22 03:00:00,4.628350226268987
2011-06-22 04:00:00,5.452058800300934
2011-06-22 05:00:00,20.99221844998291
2011-06-22 06:00:00,106.04989174890576
2011-06-22 07:00:00,304.0483297438282
2011-06-22 08:00:00,411.8493784300483
2011-06-22 09:00:00,206.15945641177842
2011-06-22 10:00:00,122.13167980039687
2011-06-22 11:00:00,146.96103748156406
2011-06-22 12:00:00,174.7923816379584
2011-06-22 13:00:00,157.95616725939362
2011-06-22 14:00:00,160.88528199845592
2011-06-22 15:00:00,158.45416123079738
2011-06-22 16:00:00,264.4447468779679
2011-06-22 17:00:00,527.3487501203267
2011-06-22 18:00:00,509.1376313410096
2011-06-22 19:00:00,368.9654332368874
2011-06-22 20:00:00,264.83461813270577
2011-06-22 21:00:00,191.27010385469492
2011-06-22 22:00:00,158.15317077541278
2011-06-22 23:00:00,93.04844300934815
2011-06-23 00:00:00,44.868034782329374
2011-06-23 01:00:00,19.346507415209356
2011-06-23 02:00:00,9.398500419578241
2011-06-23 03:00:00,4.802478047616305
2011-06-23 04:00:00,5.519995302263793
2011-06-23 05:00:00,21.835744580187903
2011-06-23 06:00:00,116.75865054020294
2011-06-23 07:00:00,308.94109910829263
2011-06-23 08:00:00,395.55160562923527
2011-06-23 09:00:00,218.91349410528
2011-06-23 10:00:00,121.77049888798057
2011-06-23 11:00:00,129.83480295293253
2011-06-23 12:00:00,169.4091373402455
2011-06-23 13:00:00,173.05162884811932
2011-06-23 14:00:00,165.97958914727275
2011-06-23 15:00:00,167.12606774667526
2011-06-23 16:00:00,289.7000193401711
2011-06-23 17:00:00,510.96783117048574
2011-06-23 18:00:00,522.025240208029
2011-06-23 19:00:00,351.93356189352437
2011-06-23 20:00:00,277.9660208037666
2011-06-23 21:00:00,200.05982780517536
2011-06-23 22:00:00,160.54872386548362
2011-06-23 23:00:00,122.25903991759111
2011-06-24 00:00:00,50.93468976245092
2011-06-24 01:00:00,23.096363939492463
2011-06-24 02:00:00,11.894428626088775
2011-06-24 03:00:00,4.572055103200438
2011-06-24 04:00:00,5.594032128474311
2011-06-24 05:00:00,20.273101090556885
2011-06-24 06:00:00,95.52892426090737
2011-06-24 07:00:00,272.9751954877366
2011-06-24 08:00:00,407.90623044131144
2011-06-24 09:00:00,216.15758601565562
2011-06-24 10:00:00,140.32065664740935
2011-06-24 11:00:00,151.45188170034717
2011-06-24 12:00:00,217.11484064257607
2011-06-24 13:00:00,215.62549340718468
2011-06-24 14:00:00,224.37509328949318
2011-06-24 15:00:00,202.93170155352854
2011-06-24 16:00:00,335.25559036427364
2011-06-24 17:00:00,548.5888758393144
2011-06-24 18:00:00,490.0600847148346
2011-06-24 19:00:00,365.91161245500336
2011-06-24 20:00:00,275.2527304711098
2011-06-24 21:00:00,225.59607230242605
2011-06-24 22:00:00,186.1793187368654
2011-06-24 23:00:00,142.15850410188753
2011-06-25 00:00:00,119.10790194356602
2011-06-25 01:00:00,82.17979150488178
2011-06-25 02:00:00,71.91389901115105
2011-06-25 03:00:00,30.517985153233553
2011-06-25 04:00:00,7.951171527741373
2011-06-25 05:00:00,9.94798072167077
2011-06-25 06:00:00,31.312428230215936
2011-06-25 07:00:00,62.81105723064181
2011-06-25 08:00:00,133.12611529431362
2011-06-25 09:00:00,207.8051122739212
2011-06-25 10:00:00,298.81729358958535
2011-06-25 11:00:00,386.305105130848
2011-06-25 12:00:00,407.7254595575641
2011-06-25 13:00:00,405.21254581996294
2011-06-25 14:00:00,408.06708853720664
2011-06-25 15:00:00,388.87107938262756
2011-06-25 16:00:00,392.847444855128
2011-06-25 17:00:00,434.49958754974773
2011-06-25 18:00:00,392.7425712243288
2011-06-25 19:00:00,361.7166676637856
2011-06-25 20:00:00,265.2293393082737
2011-06-25 21:00:00,222.2896851837287
2011-06-25 22:00:00,190.51028973957236
2011-06-25 23:00:00,140.29903594837245
2011-06-26 00:00:00,99.50849930455779
2011-06-26 01:00:00,88.97942080337918
2011-06-26 02:00:00,74.6608201370211
2011-06-26 03:00:00,30.389719923992725
2011-06-26 04:00:00,10.547000284829688
2011-06-26 05:00:00,10.998341368435835
2011-06-26 06:00:00,23.87718177436389
2011-06-26 07:00:00,52.29034522235974
2011-06-26 08:00:00,108.3537967798886
2011-06-26 09:00:00,179.70067513478008
2011-06-26 10:00:00,302.8687214931519
2011-06-26 11:00:00,386.839014215712
2011-06-26 12:00:00,403.9763686507136
2011-06-26 13:00:00,392.0599478665162
2011-06-26 14:00:00,395.5299854794917
2011-06-26 15:00:00,386.19283413080854
2011-06-26 16:00:00,388.7366769582129
2011-06-26 17:00:00,412.1194842491477
2011-06-26 18:00:00,382.227788662807
2011-06-26 19:00:00,355.93119975485257
2011-06-26 20:00:00,234.27138057465083
2011-06-26 21:00:00,200.95359484781335
2011-06-26 22:00:00,176.50478544165358
2011-06-26 23:00:00,88.47556423962361
2011-06-27 00:00:00,33.104716966993124
2011-06-27 01:00:00,9.606450280770229
2011-06-27 02:00:00,6.339109269477553
2011-06-27 03:00:00,3.9690680317724203
2011-06-27 04:00:00,4.893916224135701
2011-06-27 05:00:00,22.409017066211035
2011-06-27 06:00:00,106.58849595513969
2011-06-27 07:00:00,299.477845469295
2011-06-27 08:00:00,375.29731462502565
2011-06-27 09:00:00,206.02138692392714
2011-06-27 10:00:00,118.19112408207098
2011-06-27 11:00:00,150.22445201418316
2011-06-27 12:00:00,172.9749956028734
2011-06-27 13:00:00,169.47797303519724
2011-06-27 14:00:00,163.68952217610786
2011-06-27 15:00:00,163.63063013284335
2011-06-27 16:00:00,294.33096912806343
2011-06-27 17:00:00,554.3277573405886
2011-06-27 18:00:00,501.363793058463
2011-06-27 19:00:00,390.01682863574445
2011-06-27 20:00:00,277.96686968822166
2011-06-27 21:00:00,188.67722890690283
2011-06-27 22:00:00,125.85324624847284
2011-06-27 23:00:00,87.99140670359108
2011-06-28 00:00:00,34.75705669897685
2011-06-28 01:00:00,15.56532961693771
2011-06-28 02:00:00,9.687315962497813
2011-06-28 03:00:00,5.024859583653898
2011-06-28 04:00:00,5.5800827780524935
2011-06-28 05:00:00,19.860870421142437
2011-06-28 06:00:00,107.80228194774739
2011-06-28 07:00:00,300.42346608513407
2011-06-28 08:00:00,419.9663613786904
2011-06-28 09:00:00,210.25833410021147
2011-06-28 10:00:00,119.5324697058173
2011-06-28 11:00:00,141.05102061676115
2011-06-28 12:00:00,171.97288794150273
2011-06-28 13:00:00,172.8709547072432
2011-06-28 14:00:00,152.41208420170491
2011-06-28 15:00:00,153.28271983691056
2011-06-28 16:00:00,245.2959366889577
2011-06-28 17:00:00,401.21206954297975
2011-06-28 18:00:00,374.90588288418553
2011-06-28 19:00:00,316.9256396139591
2011-06-28 20:00:00,270.53157460401235
2011-06-28 21:00:00,200.6173540259169
2011-06-28 22:00:00,156.41745896124033
2011-06-28 23:00:00,94.0115427789594
2011-06-29 00:00:00,36.203399323516614
2011-06-29 01:00:00,18.688066853579983
2011-06-29 02:00:00,8.711271633253162
2011-06-29 03:00:00,4.764350760628795
2011-06-29 04:00:00,5.637908224435944
2011-06-29 05:00:00,22.046628099640483
2011-06-29 06:00:00,110.0694498471844
2011-06-29 07:00:00,303.75815323604314
2011-06-29 08:00:00,420.72412219410256
2011-06-29 09:00:00,209.21250084375086
2011-06-29 10:00:00,121.7243897496381
2011-06-29 11:00:00,155.35332394771208
2011-06-29 12:00:00,188.85087167186452
2011-06-29 13:00:00,184.91209746357617
2011-06-29 14:00:00,164.38922666917736
2011-06-29 15:00:00,164.60782456603263
2011-06-29 16:00:00,300.58753517139485
2011-06-29 17:00:00,554.502505515566
2011-06-29 18:00:00,543.8089930004779
2011-06-29 19:00:00,371.0536674290141
2011-06-29 20:00:00,283.7861881562275
2011-06-29 21:00:00,225.3621177345908
2011-06-29 22:00:00,167.71689675427004
2011-06-29 23:00:00,101.94453062799548
2011-06-30 00:00:00,45.565532125810726
2011-06-30 01:00:00,19.6694377163078
2011-06-30 02:00:00,8.101811861448015
2011-06-30 03:00:00,5.293502415133876
2011-06-30 04:00:00,5.331637869012944
2011-06-30 05:00:00,24.067887815779496
2011-06-30 06:00:00,112.1403094626389
2011-06-30 07:00:00,305.0710378734556
2011-06-30 08:00:00,412.3275250267162
2011-06-30 09:00:00,210.7270780292333
2011-06-30 10:00:00,122.94304055834597
2011-06-30 11:00:00,161.81129892931253
2011-06-30 12:00:00,187.08143377666164
2011-06-30 13:00:00,184.48070078302712
2011-06-30 14:00:00,165.04142598020934
2011-06-30 15:00:00,175.73208973938742
2011-06-30 16:00:00,288.83514201024303
2011-06-30 17:00:00,570.559323435876
2011-06-30 18:00:00,548.770541193502
2011-06-30 19:00:00,386.41496111383543
2011-06-30 20:00:00,285.81983742062994
2011-06-30 21:00:00,226.155113252174
2011-06-30 22:00:00,168.21034880045875
2011-06-30 23:00:00,123.98508946281196
2011-07-20 00:00:00,38.42044753075376
2011-07-20 01:00:00,15.499665380828073
2011-07-20 02:00:00,7.35672267138618
2011-07-20 03:00:00,5.133280461592499
2011-07-20 04:00:00,6.024697149339132
2011-07-20 05:00:00,21.0734018446248
2011-07-20 06:00:00,117.06412768000128
2011-07-20 07:00:00,302.50124756128986
2011-07-20 08:00:00,410.23358054212315
2011-07-20 09:00:00,209.31624259884262
2011-07-20 10:00:00,113.50295018997915
2011-07-20 11:00:00,143.64762528175865
2011-07-20 12:00:00,159.72415654455898
2011-07-20 13:00:00,157.33688605466804
2011-07-20 14:00:00,156.7236999841086
2011-07-20 15:00:00,154.88025192635752
2011-07-20 16:00:00,246.86692048612278
2011-07-20 17:00:00,489.8889076944548
2011-07-20 18:00:00,494.43387893615966
2011-07-20 19:00:00,371.70280230231253
2011-07-20 20:00:00,267.51017529033913
2011-07-20 21:00:00,203.59906074783157
2011-07-20 22:00:00,160.83474652470744
2011-07-20 23:00:00,99.1609591978764
2011-07-21 00:00:00,45.90603843760377
2011-07-21 01:00:00,16.913556489791674
2011-07-21 02:00:00,8.036795693272067
2011-07-21 03:00:00,4.34237861596454
2011-07-21 04:00:00,4.837221567093504
2011-07-21 05:00:00,20.763430592401267
2011-07-21 06:00:00,113.68770523365892
2011-07-21 07:00:00,300.3455555999519
2011-07-21 08:00:00,420.05499051077277
2011-07-21 09:00:00,209.7904854257237
2011-07-21 10:00:00,121.92828311481898
2011-07-21 11:00:00,134.26185292712373
2011-07-21 12:00:00,147.74796902910893
2011-07-21 13:00:00,146.76521266126585
2011-07-21 14:00:00,142.52421670515702
2011-07-21 15:00:00,144.71426830667716
2011-07-21 16:00:00,243.67199846669172
2011-07-21 17:00:00,453.8042252994424
2011-07-21 18:00:00,461.3173699565216
2011-07-21 19:00:00,361.31671213057507
2011-07-21 20:00:00,265.28073683267417
2011-07-21 21:00:00,202.22262533328117
2011-07-21 22:00:00,164.9537279264002
2011-07-21 23:00:00,114.71212276580825
2011-07-22 00:00:00,61.97261581616512
2011-07-22 01:00:00,27.047806924086963
2011-07-22 02:00:00,16.289388429938473
2011-07-22 03:00:00,4.3667034231156885
2011-07-22 04:00:00,5.091900451051932
2011-07-22 05:00:00,20.482134029835873
2011-07-22 06:00:00,101.22859687291188
2011-07-22 07:00:00,281.1621684697202
2011-07-22 08:00:00,403.1954061362087
2011-07-22 09:00:00,215.32384402450958
2011-07-22 10:00:00,141.64966880989957
2011-07-22 11:00:00,149.9715575146203
2011-07-22 12:00:00,202.5515752868381
2011-07-22 13:00:00,200.92989535604028
2011-07-22 14:00:00,197.79708884969293
2011-07-22 15:00:00,184.0012660189029
2011-07-22 16:00:00,284.3606438191395
2011-07-22 17:00:00,482.9185447939156
2011-07-22 18:00:00,456.2327387424472
2011-07-22 19:00:00,362.69433002614596
2011-07-22 20:00:00,265.82339381552197
2011-07-22 21:00:00,201.3816235743793
2011-07-22 22:00:00,179.57301750865716
2011-07-22 23:00:00,135.82319707696377
2011-07-23 00:00:00,105.42933873552431
2011-07-23 01:00:00,80.6615924852527
2011-07-23 02:00:00,70.49367711666933
2011-07-23 03:00:00,28.53797414664273
2011-07-23 04:00:00,10.015194134267567
2011-07-23 05:00:00,9.69120472101318
2011-07-23 06:00:00,32.3242736948719
2011-07-23 07:00:00,64.44089178530584
2011-07-23 08:00:00,140.0423147589945
2011-07-23 09:00:00,212.42949132230675
2011-07-23 10:00:00,287.3222329932686
2011-07-23 11:00:00,337.0192102212105
2011-07-23 12:00:00,361.8578958205183
2011-07-23 13:00:00,349.05929893426287
2011-07-23 14:00:00,344.990543300196
2011-07-23 15:00:00,344.9854494915549
2011-07-23 16:00:00,383.11526715464265
2011-07-23 17:00:00,424.2099187184823
2011-07-23 18:00:00,399.13955427126973
2011-07-23 19:00:00,337.2060541546177
2011-07-23 20:00:00,260.6680769148012
2011-07-23 21:00:00,210.81983326699063
2011-07-23 22:00:00,192.5016873921418
2011-07-23 23:00:00,138.00149497650006
2011-07-24 00:00:00,111.5492427450068
2011-07-24 01:00:00,81.09012516554654
2011-07-24 02:00:00,78.53237296322934
2011-07-24 03:00:00,32.413893240848246
2011-07-24 04:00:00,9.996690796143248
2011-07-24 05:00:00,10.298050885040965
2011-07-24 06:00:00,24.26489532145534
2011-07-24 07:00:00,58.483516511483
2011-07-24 08:00:00,116.70033490361077
2011-07-24 09:00:00,179.17386728914065
2011-07-24 10:00:00,283.7486028555552
2011-07-24 11:00:00,331.6119533033358
2011-07-24 12:00:00,358.7450230831216
2011-07-24 13:00:00,341.7801993606304
2011-07-24 14:00:00,335.9324338855471
2011-07-24 15:00:00,336.1920021107054
2011-07-24 16:00:00,371.0898892686485
2011-07-24 17:00:00,412.397476299277
2011-07-24 18:00:00,389.7293155918694
2011-07-24 19:00:00,367.77968812678654
2011-07-24 20:00:00,256.9348804209691
2011-07-24 21:00:00,205.82950967321102
2011-07-24 22:00:00,155.94250377095076
2011-07-24 23:00:00,87.26110438796528
2011-07-25 00:00:00,40.69566890036821
2011-07-25 01:00:00,15.209402365050806
2011-07-25 02:00:00,6.832495797507323
2011-07-25 03:00:00,4.135304653678181
2011-07-25 04:00:00,5.009835606312077
2011-07-25 05:00:00,20.150878507834264
2011-07-25 06:00:00,111.75994638647177
2011-07-25 07:00:00,300.9603558377759
2011-07-25 08:00:00,390.4926250494329
2011-07-25 09:00:00,198.88891435672403
2011-07-25 10:00:00,116.61277194499957
2011-07-25 11:00:00,136.89670089708343
2011-07-25 12:00:00,160.52239953722795
2011-07-25 13:00:00,153.91303131771713
2011-07-25 14:00:00,132.685132799294
2011-07-25 15:00:00,142.73869910374262
2011-07-25 16:00:00,240.66185185281435
2011-07-25 17:00:00,475.9349409676942
2011-07-25 18:00:00,468.0375185764287
2011-07-25 19:00:00,385.6604009132341
2011-07-25 20:00:00,269.079434915271
2011-07-25 21:00:00,147.42314346964295
2011-07-25 22:00:00,122.91495531557185
2011-07-25 23:00:00,76.43890988464217
2011-07-26 00:00:00,44.089197180487915
2011-07-26 01:00:00,17.34788172706497
2011-07-26 02:00:00,7.694678540606665
2011-07-26 03:00:00,5.1071435542326995
2011-07-26 04:00:00,5.4013536841289325
2011-07-26 05:00:00,20.91081039272202
2011-07-26 06:00:00,109.14175268447434
2011-07-26 07:00:00,299.36589808020636
2011-07-26 08:00:00,402.15103058655154
2011-07-26 09:00:00,199.4499217086704
2011-07-26 10:00:00,123.05730991700426
2011-07-26 11:00:00,150.9328950012403
2011-07-26 12:00:00,184.6484805911032
2011-07-26 13:00:00,182.42235509128082
2011-07-26 14:00:00,167.45990829878494
2011-07-26 15:00:00,174.03927968701885
2011-07-26 16:00:00,280.79330421473395
2011-07-26 17:00:00,552.700908888224
2011-07-26 18:00:00,542.3178002280448
2011-07-26 19:00:00,374.8937336181126
2011-07-26 20:00:00,277.4424787300382
2011-07-26 21:00:00,225.91207212037313
2011-07-26 22:00:00,160.2343650071096
2011-07-26 23:00:00,84.88952468291255
2011-07-27 00:00:00,43.40222154261342
2011-07-27 01:00:00,16.4299270381201
2011-07-27 02:00:00,8.562702127846338
2011-07-27 03:00:00,4.461841811783398
2011-07-27 04:00:00,4.720322195126267
2011-07-27 05:00:00,24.20160493707049
2011-07-27 06:00:00,117.00842230743255
2011-07-27 07:00:00,295.6259016997673
2011-07-27 08:00:00,415.8937286003249
2011-07-27 09:00:00,201.7920604464588
2011-07-27 10:00:00,115.0606538213496
2011-07-27 11:00:00,156.47189364821145
2011-07-27 12:00:00,192.22128070582787
2011-07-27 13:00:00,186.84149595707402
2011-07-27 14:00:00,166.71846863333553
2011-07-27 15:00:00,171.21611328659216
2011-07-27 16:00:00,283.8302732328776
2011-07-27 17:00:00,555.7508673848193
2011-07-27 18:00:00,526.680452966361
2011-07-27 19:00:00,388.00232086973085
2011-07-27 20:00:00,286.157776967652
2011-07-27 21:00:00,228.51474439064575
2011-07-27 22:00:00,159.5021832567048
2011-07-27 23:00:00,93.92177386088393
2011-07-28 00:00:00,48.863210700515516
2011-07-28 01:00:00,18.49183781893468
2011-07-28 02:00:00,9.056424975308971
2011-07-28 03:00:00,4.824991826355388
2011-07-28 04:00:00,5.459243698801397
2011-07-28 05:00:00,22.01822865551296
2011-07-28 06:00:00,113.08852996410081
2011-07-28 07:00:00,301.59765896596707
2011-07-28 08:00:00,397.618148446888
2011-07-28 09:00:00,201.23452122685455
2011-07-28 10:00:00,117.66188254664459
2011-07-28 11:00:00,136.01683245330457
2011-07-28 12:00:00,154.1249924400819
2011-07-28 13:00:00,150.3390363271844
2011-07-28 14:00:00,150.5743345499079
2011-07-28 15:00:00,148.8163910425911
2011-07-28 16:00:00,241.15413278252447
2011-07-28 17:00:00,510.32095744444047
2011-07-28 18:00:00,482.336847262376
2011-07-28 19:00:00,365.84147027997085
2011-07-28 20:00:00,262.01542379191096
2011-07-28 21:00:00,201.86365870003215
2011-07-28 22:00:00,157.73114523387954
2011-07-28 23:00:00,116.300859920145
2011-07-29 00:00:00,52.582015824556436
2011-07-29 01:00:00,26.691546020797944
2011-07-29 02:00:00,16.155244728425195
2011-07-29 03:00:00,3.831628081465958
2011-07-29 04:00:00,4.715549125744356
2011-07-29 05:00:00,19.145999169282376
2011-07-29 06:00:00,99.04120731429626
2011-07-29 07:00:00,280.1507465417304
2011-07-29 08:00:00,421.04862991789196
2011-07-29 09:00:00,218.6047940434548
2011-07-29 10:00:00,142.25755568789222
2011-07-29 11:00:00,152.20239122637616
2011-07-29 12:00:00,203.14077995863394
2011-07-29 13:00:00,207.21289923318477
2011-07-29 14:00:00,202.72457238581833
2011-07-29 15:00:00,191.40717675474016
2011-07-29 16:00:00,296.2829701900567
2011-07-29 17:00:00,479.12180746191206
2011-07-29 18:00:00,453.54888755267865
2011-07-29 19:00:00,361.7573282384875
2011-07-29 20:00:00,266.52229606202343
2011-07-29 21:00:00,227.98458194432067
2011-07-29 22:00:00,184.198376063912
2011-07-29 23:00:00,134.08561859165127
2011-07-30 00:00:00,133.7053789211898
2011-07-30 01:00:00,79.35407256899016
2011-07-30 02:00:00,71.52611748331186
2011-07-30 03:00:00,32.40565732915757
2011-07-30 04:00:00,9.36785378074081
2011-07-30 05:00:00,8.213781564831311
2011-07-30 06:00:00,29.496696400088226
2011-07-30 07:00:00,56.06447691228761
2011-07-30 08:00:00,138.0121546815622
2011-07-30 09:00:00,218.9448173325205
2011-07-30 10:00:00,290.9112559630365
2011-07-30 11:00:00,345.8032860133197
2011-07-30 12:00:00,383.357924043949
2011-07-30 13:00:00,368.5701602652125
2011-07-30 14:00:00,350.962444906395
2011-07-30 15:00:00,346.94438611550424
2011-07-30 16:00:00,383.18699633485335
2011-07-30 17:00:00,413.15602312469144
2011-07-30 18:00:00,383.711167378597
2011-07-30 19:00:00,367.6989062851056
2011-07-30 20:00:00,260.4142426771273
2011-07-30 21:00:00,225.65411384621848
2011-07-30 22:00:00,184.21040937249052
2011-07-30 23:00:00,137.33635154184807
2011-07-31 00:00:00,112.12036306402477
2011-07-31 01:00:00,79.84416722996097
2011-07-31 02:00:00,80.44026102449108
2011-07-31 03:00:00,30.715830125611664
2011-07-31 04:00:00,10.610512780440756
2011-07-31 05:00:00,10.854074233349955
2011-07-31 06:00:00,25.270438937601313
2011-07-31 07:00:00,62.02768149486891
2011-07-31 08:00:00,117.1145589081768
2011-07-31 09:00:00,184.07074904129703
2011-07-31 10:00:00,286.6293780278897
2011-07-31 11:00:00,342.4390911648172
2011-07-31 12:00:00,370.83005459481376
2011-07-31 13:00:00,366.6184779159703
2011-07-31 14:00:00,357.4064505181594
2011-07-31 15:00:00,349.9141862073767
2011-07-31 16:00:00,368.34201789128014
2011-07-31 17:00:00,397.15049594559116
2011-07-31 18:00:00,389.7667091616928
2011-07-31 19:00:00,344.67751259763406
2011-07-31 20:00:00,254.6584858155732
2011-07-31 21:00:00,204.3373684493628
2011-07-31 22:00:00,150.00582065497093
2011-07-31 23:00:00,83.06951319691566
2011-08-20 00:00:00,103.63526585237304
2011-08-20 01:00:00,85.76255021078508
2011-08-20 02:00:00,67.59282306276133
2011-08-20 03:00:00,32.07088183368855
2011-08-20 04:00:00,8.30234543595237
2011-08-20 05:00:00,10.174495302651586
2011-08-20 06:00:00,23.58090477327672
2011-08-20 07:00:00,59.75931987546553
2011-08-20 08:00:00,113.09788621897708
2011-08-20 09:00:00,203.09472942883198
2011-08-20 10:00:00,291.9246057094776
2011-08-20 11:00:00,378.30042169739437
2011-08-20 12:00:00,387.0247517541942
2011-08-20 13:00:00,370.7367978980276
2011-08-20 14:00:00,380.6619016775108
2011-08-20 15:00:00,370.65033039721055
2011-08-20 16:00:00,367.908029945531
2011-08-20 17:00:00,401.38204446655914
2011-08-20 18:00:00,377.6740299478741
2011-08-20 19:00:00,342.38707960227333
2011-08-20 20:00:00,250.3711922309931
2011-08-20 21:00:00,201.28047734737692
2011-08-20 22:00:00,164.05683584410642
2011-08-20 23:00:00,127.02717447992154
2011-08-21 00:00:00,128.25384632217887
2011-08-21 01:00:00,79.36971026367388
2011-08-21 02:00:00,81.5452997036417
2011-08-21 03:00:00,37.279429334027895
2011-08-21 04:00:00,6.5730846884780245
2011-08-21 05:00:00,7.7525014772835
2011-08-21 06:00:00,12.01295296054181
2011-08-21 07:00:00,52.06738211502004
2011-08-21 08:00:00,94.1804067834486
2011-08-21 09:00:00,183.28450550897116
2011-08-21 10:00:00,275.9844914109712
2011-08-21 11:00:00,333.99644208144565
2011-08-21 12:00:00,357.0601584186779
2011-08-21 13:00:00,378.0218177245787
2011-08-21 14:00:00,214.36393734984176
2011-08-21 15:00:00,215.54313997331442
2011-08-21 16:00:00,241.80945386828748
2011-08-21 17:00:00,218.94396696490506
2011-08-21 18:00:00,225.4318176548258
2011-08-21 19:00:00,331.54965272927967
2011-08-21 20:00:00,201.7935069151139
2011-08-21 21:00:00,169.6954527116058
2011-08-21 22:00:00,147.0148806674428
2011-08-21 23:00:00,84.33078354315309
2011-08-22 00:00:00,39.70450418999283
2011-08-22 01:00:00,17.036746545173536
2011-08-22 02:00:00,8.95800322702742
2011-08-22 03:00:00,4.476652699214618
2011-08-22 04:00:00,5.679825325467925
2011-08-22 05:00:00,24.11986105616393
2011-08-22 06:00:00,107.5979058521193
2011-08-22 07:00:00,291.5850967564514
2011-08-22 08:00:00,362.17381554334725
2011-08-22 09:00:00,201.44645943494436
2011-08-22 10:00:00,122.81017921168488
2011-08-22 11:00:00,156.33192484456572
2011-08-22 12:00:00,193.6395418442649
2011-08-22 13:00:00,189.37104529221722
2011-08-22 14:00:00,181.27922235318835
2011-08-22 15:00:00,181.61874351226876
2011-08-22 16:00:00,305.107741227613
2011-08-22 17:00:00,568.3231483403498
2011-08-22 18:00:00,554.8966422131725
2011-08-22 19:00:00,390.8708240721748
2011-08-22 20:00:00,287.0327319572324
2011-08-22 21:00:00,217.93618383907906
2011-08-22 22:00:00,137.1029557827829
2011-08-22 23:00:00,90.31391674728954
2011-08-23 00:00:00,33.61922447121365
2011-08-23 01:00:00,14.799115604361258
2011-08-23 02:00:00,8.52957437926107
2011-08-23 03:00:00,3.543737993242954
2011-08-23 04:00:00,4.681160205405526
2011-08-23 05:00:00,22.79335529584766
2011-08-23 06:00:00,111.20395755409606
2011-08-23 07:00:00,302.7688161991356
2011-08-23 08:00:00,411.5834590690922
2011-08-23 09:00:00,208.96852049753306
2011-08-23 10:00:00,116.06218119435559
2011-08-23 11:00:00,160.10887375132364
2011-08-23 12:00:00,205.80474028614583
2011-08-23 13:00:00,194.46298878101084
2011-08-23 14:00:00,176.89080362231596
2011-08-23 15:00:00,180.7661164789533
2011-08-23 16:00:00,301.94410220460566
2011-08-23 17:00:00,576.2868897473006
2011-08-23 18:00:00,560.6658611558562
2011-08-23 19:00:00,378.78100584554716
2011-08-23 20:00:00,279.83983099195643
2011-08-23 21:00:00,189.44698005051262
2011-08-23 22:00:00,158.99557221897993
2011-08-23 23:00:00,85.64829586831651
2011-08-24 00:00:00,36.3052920580225
2011-08-24 01:00:00,15.66432718260931
2011-08-24 02:00:00,7.913952957885632
2011-08-24 03:00:00,4.480611079126543
2011-08-24 04:00:00,5.486594328865623
2011-08-24 05:00:00,21.680259012047475
2011-08-24 06:00:00,108.7939669112572
2011-08-24 07:00:00,297.2501737643999
2011-08-24 08:00:00,398.40963859641806
2011-08-24 09:00:00,215.10338874280788
2011-08-24 10:00:00,120.42626357307114
2011-08-24 11:00:00,146.38557340156078
2011-08-24 12:00:00,178.22995523429583
2011-08-24 13:00:00,183.59610129520027
2011-08-24 14:00:00,175.908911996604
2011-08-24 15:00:00,177.8281011328474
2011-08-24 16:00:00,293.89132942447185
2011-08-24 17:00:00,566.604611937476
2011-08-24 18:00:00,551.7423699853573
2011-08-24 19:00:00,361.37966889228437
2011-08-24 20:00:00,263.6789797569259
2011-08-24 21:00:00,194.12634216888472
2011-08-24 22:00:00,156.6602777352112
2011-08-24 23:00:00,101.95441457990088
2011-08-25 00:00:00,46.29738844725775
2011-08-25 01:00:00,20.996016829105184
2011-08-25 02:00:00,7.5334111344572445
2011-08-25 03:00:00,5.267060893849495
2011-08-25 04:00:00,5.542785213641514
2011-08-25 05:00:00,23.916211003418365
2011-08-25 06:00:00,91.91337927034995
2011-08-25 07:00:00,290.19024197046025
2011-08-25 08:00:00,398.0660508869364
2011-08-25 09:00:00,227.50221730277883
2011-08-25 10:00:00,123.03288338188955
2011-08-25 11:00:00,88.24697043535139
2011-08-25 12:00:00,95.9744577918447
2011-08-25 13:00:00,142.86012786138986
2011-08-25 14:00:00,153.1212536180331
2011-08-25 15:00:00,159.19566226652964
2011-08-25 16:00:00,216.89275860292295
2011-08-25 17:00:00,275.2460781389236
2011-08-25 18:00:00,286.8002149183297
2011-08-25 19:00:00,300.83182283197
2011-08-25 20:00:00,209.0620747649575
2011-08-25 21:00:00,172.928111099769
2011-08-25 22:00:00,136.5784680166664
2011-08-25 23:00:00,105.42315551558109
2011-08-26 00:00:00,48.32298646757717
2011-08-26 01:00:00,23.124529500189524
2011-08-26 02:00:00,12.697895150318113
2011-08-26 03:00:00,5.200631558439548
2011-08-26 04:00:00,5.932419328866932
2011-08-26 05:00:00,19.643438199739844
2011-08-26 06:00:00,88.30208553423589
2011-08-26 07:00:00,275.5858742850384
2011-08-26 08:00:00,414.6623037368839
2011-08-26 09:00:00,205.44639412188727
2011-08-26 10:00:00,158.3367112705236
2011-08-26 11:00:00,157.8063056401163
2011-08-26 12:00:00,218.93450990152294
2011-08-26 13:00:00,225.72545701512362
2011-08-26 14:00:00,214.11994946130292
2011-08-26 15:00:00,211.23618384399035
2011-08-26 16:00:00,319.85392658303084
2011-08-26 17:00:00,450.23335672919194
2011-08-26 18:00:00,386.94467916532403
2011-08-26 19:00:00,309.4334743484203
2011-08-26 20:00:00,219.1285502920475
2011-08-26 21:00:00,173.8344981881372
2011-08-26 22:00:00,162.57374524424347
2011-08-26 23:00:00,121.14738162905113
2011-08-27 00:00:00,105.3005572387836
2011-08-27 01:00:00,78.62400932577982
2011-08-27 02:00:00,73.40222043068455
2011-08-27 03:00:00,36.51789208932791
2011-08-27 04:00:00,6.910082384790743
2011-08-27 05:00:00,8.189237014581025
2011-08-27 06:00:00,16.088168290337393
2011-08-27 07:00:00,56.20366532448838
2011-08-27 08:00:00,111.13905742413534
2011-08-27 09:00:00,154.29623170971476
2011-08-27 10:00:00,226.15584053853766
2011-08-27 11:00:00,136.37603160721983
2011-08-27 12:00:00,146.34329724114272
2011-08-27 13:00:00,162.53225993232485
2011-08-27 14:00:00,122.5127355033767
2011-08-27 15:00:00,121.48150218513253
2011-08-27 16:00:00,134.1137075399206
2011-08-27 17:00:00,114.04346478031718
2011-08-28 07:00:00,79.65973804270187
2011-08-28 08:00:00,111.69757159047514
2011-08-28 09:00:00,180.43489096629517
2011-08-28 10:00:00,282.01976837187567
2011-08-28 11:00:00,358.09616602457453
2011-08-28 12:00:00,407.1343424590331
2011-08-28 13:00:00,425.30436703665674
2011-08-28 14:00:00,379.5995186935736
2011-08-28 15:00:00,370.1144333718733
2011-08-28 16:00:00,364.7816435905719
2011-08-28 17:00:00,425.82532008874983
2011-08-28 18:00:00,395.9165030998345
2011-08-28 19:00:00,362.62064297540314
2011-08-28 20:00:00,246.35897423430913
2011-08-28 21:00:00,198.87943048064056
2011-08-28 22:00:00,134.95409076523808
2011-08-28 23:00:00,80.09833388543983
2011-08-29 00:00:00,34.32673282311362
2011-08-29 01:00:00,12.611651847073343
2011-08-29 02:00:00,8.308723944193856
2011-08-29 03:00:00,4.7797484912170844
2011-08-29 04:00:00,4.721418491672388
2011-08-29 05:00:00,21.7780286334558
2011-08-29 06:00:00,109.0434000258492
2011-08-29 07:00:00,295.6784343955957
2011-08-29 08:00:00,369.3538708056325
2011-08-29 09:00:00,201.08341709945745
2011-08-29 10:00:00,122.00382081404499
2011-08-29 11:00:00,150.48764560090137
2011-08-29 12:00:00,193.05732062309482
2011-08-29 13:00:00,206.6589211712373
2011-08-29 14:00:00,183.1626520721932
2011-08-29 15:00:00,181.57464856119316
2011-08-29 16:00:00,307.97435927630596
2011-08-29 17:00:00,546.0799638179831
2011-08-29 18:00:00,536.8544032786479
2011-08-29 19:00:00,386.3197585528
2011-08-29 20:00:00,283.1059766607103
2011-08-29 21:00:00,219.2946794872961
2011-08-29 22:00:00,138.96806166839528
2011-08-29 23:00:00,79.64816331983835
2011-08-30 00:00:00,34.15910774403246
2011-08-30 01:00:00,13.71584137402947
2011-08-30 02:00:00,8.563689712742239
2011-08-30 03:00:00,4.559755623066246
2011-08-30 04:00:00,4.948419855181258
2011-08-30 05:00:00,21.25996532937157
2011-08-30 06:00:00,111.3890361124577
2011-08-30 07:00:00,307.63247569049173
2011-08-30 08:00:00,407.20578120232307
2011-08-30 09:00:00,203.38897584689855
2011-08-30 10:00:00,123.17974176003794
2011-08-30 11:00:00,157.34148654339853
2011-08-30 12:00:00,203.70785874616973
2011-08-30 13:00:00,199.37510494152713
2011-08-30 14:00:00,176.84749213587781
2011-08-30 15:00:00,181.05921176762516
2011-08-30 16:00:00,308.38429205054985
2011-08-30 17:00:00,576.4025340527351
2011-08-30 18:00:00,551.3367424693752
2011-08-30 19:00:00,375.1034651141744
2011-08-30 20:00:00,276.36186136377927
2011-08-30 21:00:00,180.8568966394695
2011-08-30 22:00:00,153.24879391796298
2011-08-30 23:00:00,86.5382583905975
2011-08-31 00:00:00,29.80983840343489
2011-08-31 01:00:00,15.392039063710019
2011-08-31 02:00:00,8.29766985403282
2011-08-31 03:00:00,4.74152023390347
2011-08-31 04:00:00,5.044633643797812
2011-08-31 05:00:00,21.72015352055929
2011-08-31 06:00:00,105.9109254324097
2011-08-31 07:00:00,305.1616070172235
2011-08-31 08:00:00,399.97134731093223
2011-08-31 09:00:00,214.88854737350542
2011-08-31 10:00:00,122.60351575469643
2011-08-31 11:00:00,150.74039826539814
2011-08-31 12:00:00,184.99480426139084
2011-08-31 13:00:00,199.01124338855382
2011-08-31 14:00:00,175.5028592529076
2011-08-31 15:00:00,173.92259750837712
2011-08-31 16:00:00,294.3497290562435
2011-08-31 17:00:00,584.6690542920588
2011-08-31 18:00:00,549.84094823366
2011-08-31 19:00:00,358.9377829152986
2011-08-31 20:00:00,280.965062567236
2011-08-31 21:00:00,192.952532862231
2011-08-31 22:00:00,141.11990475346414
2011-08-31 23:00:00,77.18217417303747
2011-09-20 00:00:00,32.851365849469516
2011-09-20 01:00:00,11.120908807785044
2011-09-20 02:00:00,5.091912538204868
2011-09-20 03:00:00,4.4761342337071195
2011-09-20 04:00:00,4.805565941054446
2011-09-20 05:00:00,22.474249504047105
2011-09-20 06:00:00,102.98365668728748
2011-09-20 07:00:00,286.55620137974853
2011-09-20 08:00:00,168.75209204330812
2011-09-20 09:00:00,154.00874459430156
2011-09-20 10:00:00,112.46551949323461
2011-09-20 11:00:00,108.85508328664181
2011-09-20 12:00:00,87.08685377356674
2011-09-20 13:00:00,86.41958362194954
2011-09-20 14:00:00,151.3719825248665
2011-09-20 15:00:00,162.4814348680233
2011-09-20 16:00:00,243.4342612177302
2011-09-20 17:00:00,295.70464704886774
2011-09-20 18:00:00,292.811276369243
2011-09-20 19:00:00,216.3057267356654
2011-09-20 20:00:00,114.82534061621205
2011-09-20 21:00:00,90.5423095181102
2011-09-20 22:00:00,113.61145674909017
2011-09-20 23:00:00,69.97935360255347
2011-09-21 00:00:00,22.597632990212404
2011-09-21 01:00:00,9.930927608277406
2011-09-21 02:00:00,5.979256009716306
2011-09-21 03:00:00,4.545646377144221
2011-09-21 04:00:00,4.729154161534671
2011-09-21 05:00:00,12.521918019914752
2011-09-21 06:00:00,95.97159967711804
2011-09-21 07:00:00,178.5299964839018
2011-09-21 08:00:00,234.69997757618643
2011-09-21 09:00:00,112.38381347374488
2011-09-21 10:00:00,108.05739724753455
2011-09-21 11:00:00,126.82452029329325
2011-09-21 12:00:00,159.4894696206294
2011-09-21 13:00:00,170.28051279628332
2011-09-21 14:00:00,160.6972032720831
2011-09-21 15:00:00,165.22936605095583
2011-09-21 16:00:00,302.65546023814574
2011-09-21 17:00:00,391.434257978032
2011-09-21 18:00:00,277.73929070933406
2011-09-21 19:00:00,142.02318277223026
2011-09-21 20:00:00,124.44817135534066
2011-09-21 21:00:00,84.28342154313911
2011-09-21 22:00:00,108.29146693911053
2011-09-21 23:00:00,68.48311919068401
2011-09-22 00:00:00,23.853498925785267
2011-09-22 01:00:00,10.174722901047048
2011-09-22 02:00:00,8.674300171441583
2011-09-22 03:00:00,4.834386316245986
2011-09-22 04:00:00,5.133479238679241
2011-09-22 05:00:00,16.464076492547328
2011-09-22 06:00:00,96.9665956518398
2011-09-22 07:00:00,176.50325931322612
2011-09-22 08:00:00,217.0100931026808
2011-09-22 09:00:00,135.9555496861122
2011-09-22 10:00:00,129.0220286740989
2011-09-22 11:00:00,131.44717210603957
2011-09-22 12:00:00,143.92173151056636
2011-09-22 13:00:00,142.5140187673135
2011-09-22 14:00:00,139.72300614602293
2011-09-22 15:00:00,142.4414275699471
2011-09-22 16:00:00,296.93104918380476
2011-09-22 17:00:00,405.5776231444863
2011-09-22 18:00:00,260.22494767146685
2011-09-22 19:00:00,182.0454213966315
2011-09-22 20:00:00,110.19827055959271
2011-09-22 21:00:00,115.02350242138222
2011-09-22 22:00:00,110.25130692445066
2011-09-22 23:00:00,81.83875005610585
2011-09-23 00:00:00,24.551198156060064
2011-09-23 01:00:00,10.237587062271764
2011-09-23 02:00:00,11.331730881191833
2011-09-23 03:00:00,4.940301632348614
2011-09-23 04:00:00,4.055839378101535
2011-09-23 05:00:00,14.877178111713619
2011-09-23 06:00:00,79.44039789421738
2011-09-23 07:00:00,148.92831908680859
2011-09-23 08:00:00,184.8839556686834
2011-09-23 09:00:00,134.56304066775172
2011-09-23 10:00:00,111.35745903206202
2011-09-23 11:00:00,115.49456540119988
2011-09-23 12:00:00,124.12752503931546
2011-09-23 13:00:00,135.20947455652993
2011-09-23 14:00:00,132.1236976150373
2011-09-23 15:00:00,122.26764978966688
2011-09-23 16:00:00,132.66307100729645
2011-09-23 17:00:00,115.21284297892568
2011-09-23 18:00:00,121.91208162547136
2011-09-23 19:00:00,149.49668862522282
2011-09-23 20:00:00,118.26105701725072
2011-09-23 21:00:00,102.68913630745412
2011-09-23 22:00:00,111.22038976703782
2011-09-23 23:00:00,80.2158005309303
2011-09-24 00:00:00,68.84853802445747
2011-09-24 01:00:00,69.95118536003632
2011-09-24 02:00:00,62.294451570155026
2011-09-24 03:00:00,30.742604894032922
2011-09-24 04:00:00,7.584115255136661
2011-09-24 05:00:00,10.51952726099059
2011-09-24 06:00:00,12.841964701252937
2011-09-24 07:00:00,62.07536021795689
2011-09-24 08:00:00,96.08441097942337
2011-09-24 09:00:00,142.64089402216544
2011-09-24 10:00:00,178.8557796062837
2011-09-24 11:00:00,211.17564404071697
2011-09-24 12:00:00,224.25515261190014
2011-09-24 13:00:00,289.3089158151463
2011-09-24 14:00:00,340.9325710340135
2011-09-24 15:00:00,344.60158822240095
2011-09-24 16:00:00,261.8575088212493
2011-09-24 17:00:00,287.2902518132321
2011-09-24 18:00:00,248.731409824831
2011-09-24 19:00:00,182.27727808748025
2011-09-24 20:00:00,154.20323670786803
2011-09-24 21:00:00,128.1868926125177
2011-09-24 22:00:00,113.05834660901168
2011-09-24 23:00:00,84.42784995889434
2011-09-25 00:00:00,92.45484672801973
2011-09-25 01:00:00,80.44385337869547
2011-09-25 02:00:00,63.80545285375764
2011-09-25 03:00:00,34.43912219931429
2011-09-25 04:00:00,5.328411221092976
2011-09-25 05:00:00,12.102215606316921
2011-09-25 06:00:00,12.955173763579342
2011-09-25 07:00:00,45.38788364172057
2011-09-25 08:00:00,79.49329586288643
2011-09-25 09:00:00,144.54264336531477
2011-09-25 10:00:00,197.83364232745834
2011-09-25 11:00:00,285.31936361706994
2011-09-25 12:00:00,286.6876540748324
2011-09-25 13:00:00,363.5648698903937
2011-09-25 14:00:00,283.24460083469586
2011-09-25 15:00:00,279.6587731257808
2011-09-25 16:00:00,365.2175992744095
2011-09-25 17:00:00,276.4862374469877
2011-09-25 18:00:00,269.5730663080266
2011-09-25 19:00:00,193.73702903927315
2011-09-25 20:00:00,157.9669823164044
2011-09-25 21:00:00,100.82858527567083
2011-09-25 22:00:00,121.39240985339336
2011-09-25 23:00:00,77.98836370505536
2011-09-26 00:00:00,24.093472667162814
2011-09-26 01:00:00,9.52372657854556
2011-09-26 02:00:00,5.810050373931232
2011-09-26 03:00:00,3.8720985199907023
2011-09-26 04:00:00,4.703796470013971
2011-09-26 05:00:00,21.74550444204288
2011-09-26 06:00:00,93.19590841459099
2011-09-26 07:00:00,170.18718769050875
2011-09-26 08:00:00,218.0031128638007
2011-09-26 09:00:00,192.08272922835616
2011-09-26 10:00:00,127.33764860755514
2011-09-26 11:00:00,128.36808460078834
2011-09-26 12:00:00,148.65024950942066
2011-09-26 13:00:00,161.42859769560144
2011-09-26 14:00:00,166.0458917961539
2011-09-26 15:00:00,164.86930256166076
2011-09-26 16:00:00,300.9337418717733
2011-09-26 17:00:00,572.7614584183815
2011-09-26 18:00:00,287.6321792835164
2011-09-26 19:00:00,253.92311303982328
2011-09-26 20:00:00,157.4634732711559
2011-09-26 21:00:00,126.97876748166567
2011-09-26 22:00:00,110.49961385289917
2011-09-26 23:00:00,70.0318547384873
2011-09-27 00:00:00,25.06007018533624
2011-09-27 01:00:00,9.059328683736158
2011-09-27 02:00:00,5.909604791725411
2011-09-27 03:00:00,4.017022796788845
2011-09-27 04:00:00,3.6776307673626842
2011-09-27 05:00:00,10.452136716526095
2011-09-27 06:00:00,97.56923232709391
2011-09-27 07:00:00,183.30371354905532
2011-09-27 08:00:00,339.2861828357252
2011-09-27 09:00:00,169.19121494453896
2011-09-27 10:00:00,108.3151467480436
2011-09-27 11:00:00,117.89657234617704
2011-09-27 12:00:00,138.85770169520586
2011-09-27 13:00:00,163.31943466641997
2011-09-27 14:00:00,138.162240520421
2011-09-27 15:00:00,139.7248556666147
2011-09-27 16:00:00,237.23185795145523
2011-09-27 17:00:00,198.4219301451918
2011-09-27 18:00:00,214.19630629393896
2011-09-27 19:00:00,194.8167371922801
2011-09-27 20:00:00,209.33080916291283
2011-09-27 21:00:00,134.14308060756647
2011-09-27 22:00:00,123.58285920384928
2011-09-27 23:00:00,62.57547890028999
2011-09-28 00:00:00,29.387139857072622
2011-09-28 01:00:00,11.695431775263089
2011-09-28 02:00:00,5.637363925021261
2011-09-28 03:00:00,4.546961767819685
2011-09-28 04:00:00,5.700146788744789
2011-09-28 05:00:00,16.2583873745653
2011-09-28 06:00:00,63.787191625813264
2011-09-28 07:00:00,137.25351136412493
2011-09-28 08:00:00,182.939284483575
2011-09-28 09:00:00,159.34132268523848
2011-09-28 10:00:00,61.79446151773529
2011-09-28 11:00:00,118.43800412632483
2011-09-28 12:00:00,138.4703052295663
2011-09-28 13:00:00,164.63315173729296
2011-09-28 14:00:00,164.30274015051972
2011-09-28 15:00:00,167.1053699439312
2011-09-28 16:00:00,297.6769624054511
2011-09-28 17:00:00,574.2063143322052
2011-09-28 18:00:00,276.5570875391442
2011-09-28 19:00:00,235.5136605410035
2011-09-28 20:00:00,108.13059811401163
2011-09-28 21:00:00,103.38240006589201
2011-09-28 22:00:00,124.6760787906009
2011-09-28 23:00:00,66.69192218894955
2011-09-29 00:00:00,25.454160656770988
2011-09-29 01:00:00,8.516819538056676
2011-09-29 02:00:00,8.445914430826418
2011-09-29 03:00:00,4.7655430109146435
2011-09-29 04:00:00,5.014207739612513
2011-09-29 05:00:00,21.87805973132966
2011-09-29 06:00:00,102.70639215143385
2011-09-29 07:00:00,298.9451059503035
2011-09-29 08:00:00,410.5672451714978
2011-09-29 09:00:00,214.411117495335
2011-09-29 10:00:00,126.22308715094191
2011-09-29 11:00:00,151.7057500324925
2011-09-29 12:00:00,191.6948086108877
2011-09-29 13:00:00,187.13069250524268
2011-09-29 14:00:00,184.4525542724173
2011-09-29 15:00:00,185.98475190855154
2011-09-29 16:00:00,296.1441202830927
2011-09-29 17:00:00,576.3211738681454
2011-09-29 18:00:00,549.3678362007702
2011-09-29 19:00:00,348.62387995852765
2011-09-29 20:00:00,258.63058577062594
2011-09-29 21:00:00,174.28687800078364
2011-09-29 22:00:00,130.04672549304198
2011-09-29 23:00:00,88.85208296799978
2011-09-30 00:00:00,47.284643807741745
2011-09-30 01:00:00,23.851844192709855
2011-09-30 02:00:00,12.179181956560367
2011-09-30 03:00:00,5.370502627487499
2011-09-30 04:00:00,5.478697769798392
2011-09-30 05:00:00,22.063453629900465
2011-09-30 06:00:00,83.09204106473935
2011-09-30 07:00:00,282.9564279322501
2011-09-30 08:00:00,427.2073973412084
2011-09-30 09:00:00,212.88027993305838
2011-09-30 10:00:00,161.29913653335964
2011-09-30 11:00:00,170.39227183714266
2011-09-30 12:00:00,214.6849223517343
2011-09-30 13:00:00,201.5429723141475
2011-09-30 14:00:00,210.30504103937457
2011-09-30 15:00:00,215.86634252171652
2011-09-30 16:00:00,349.34498774567334
2011-09-30 17:00:00,535.1688060492997
2011-09-30 18:00:00,480.3845511244017
2011-09-30 19:00:00,285.3545816613358
2011-09-30 20:00:00,196.36853583272168
2011-09-30 21:00:00,159.3547911148362
2011-09-30 22:00:00,123.97057061447838
2011-09-30 23:00:00,102.01921839537769
2011-10-20 00:00:00,24.251633638991375
2011-10-20 01:00:00,12.030003115167716
2011-10-20 02:00:00,7.477893313870027
2011-10-20 03:00:00,3.6938730045835104
2011-10-20 04:00:00,4.4444027920804094
2011-10-20 05:00:00,24.470980253997826
2011-10-20 06:00:00,75.59115880744098
2011-10-20 07:00:00,283.7900974186967
2011-10-20 08:00:00,348.0454036285423
2011-10-20 09:00:00,225.69873328544008
2011-10-20 10:00:00,119.62428359547043
2011-10-20 11:00:00,134.91505120764702
2011-10-20 12:00:00,169.690517366028
2011-10-20 13:00:00,169.51259856966925
2011-10-20 14:00:00,152.2734483349031
2011-10-20 15:00:00,150.26883860323716
2011-10-20 16:00:00,232.87510381162852
2011-10-20 17:00:00,437.62806209987474
2011-10-20 18:00:00,409.13842241733835
2011-10-20 19:00:00,267.03847446324374
2011-10-20 20:00:00,194.47578160652168
2011-10-20 21:00:00,138.5062042007871
2011-10-20 22:00:00,115.11791232917602
2011-10-20 23:00:00,81.53197304927129
2011-10-21 00:00:00,54.00865529171862
2011-10-21 01:00:00,21.62550301905142
2011-10-21 02:00:00,11.485886405045873
2011-10-21 03:00:00,5.622636658794027
2011-10-21 04:00:00,4.766473626048179
2011-10-21 05:00:00,22.55192592369691
2011-10-21 06:00:00,87.12847502386356
2011-10-21 07:00:00,247.09647587626154
2011-10-21 08:00:00,358.49984346012286
2011-10-21 09:00:00,218.76648167495364
2011-10-21 10:00:00,159.70986023553866
2011-10-21 11:00:00,162.33864622450952
2011-10-21 12:00:00,201.03326468085203
2011-10-21 13:00:00,199.7128370849702
2011-10-21 14:00:00,197.58671312380184
2011-10-21 15:00:00,203.00400701826922
2011-10-21 16:00:00,311.605567445417
2011-10-21 17:00:00,431.3553479612955
2011-10-21 18:00:00,374.04591123117916
2011-10-21 19:00:00,248.92131530253673
2011-10-21 20:00:00,181.76296165510996
2011-10-21 21:00:00,137.2961797243695
2011-10-21 22:00:00,112.46825411265218
2011-10-21 23:00:00,84.50726840168555
2011-10-22 00:00:00,83.53177251368064
2011-10-22 01:00:00,68.10576496840582
2011-10-22 02:00:00,67.59628387832292
2011-10-22 03:00:00,29.681470919121224
2011-10-22 04:00:00,5.5389164525397465
2011-10-22 05:00:00,7.030506434204177
2011-10-22 06:00:00,15.664225105500002
2011-10-22 07:00:00,48.31429832270243
2011-10-22 08:00:00,94.62345266978258
2011-10-22 09:00:00,164.2366330953051
2011-10-22 10:00:00,246.19697484301622
2011-10-22 11:00:00,271.79867390407446
2011-10-22 12:00:00,319.2570414263408
2011-10-22 13:00:00,347.84929258981526
2011-10-22 14:00:00,327.5395391999893
2011-10-22 15:00:00,328.4816339199464
2011-10-22 16:00:00,325.61303617926666
2011-10-22 17:00:00,292.16651932596443
2011-10-22 18:00:00,251.2315527283246
2011-10-22 19:00:00,236.10425786763267
2011-10-22 20:00:00,161.28536965971162
2011-10-22 21:00:00,123.1777292162501
2011-10-22 22:00:00,107.73179648332572
2011-10-22 23:00:00,71.48823312358479
2011-10-23 00:00:00,79.01244316310834
2011-10-23 01:00:00,67.39000336142907
2011-10-23 02:00:00,63.1500942760852
2011-10-23 03:00:00,35.8304693546627
2011-10-23 04:00:00,6.6612079059363145
2011-10-23 05:00:00,7.960422319449897
2011-10-23 06:00:00,12.394146524286091
2011-10-23 07:00:00,43.17306869038778
2011-10-23 08:00:00,80.96001415680448
2011-10-23 09:00:00,135.71815754607272
2011-10-23 10:00:00,244.8803400522512
2011-10-23 11:00:00,294.0190127563534
2011-10-23 12:00:00,331.4079722170922
2011-10-23 13:00:00,351.1591208704048
2011-10-23 14:00:00,349.6254673054527
2011-10-23 15:00:00,352.9457174049149
2011-10-23 16:00:00,342.0680398738718
2011-10-23 17:00:00,282.099973283859
2011-10-23 18:00:00,256.429416973387
2011-10-23 19:00:00,203.0103841516292
2011-10-23 20:00:00,150.573762743795
2011-10-23 21:00:00,110.2028902569559
2011-10-23 22:00:00,87.41253526777955
2011-10-23 23:00:00,58.597562027294394
2011-10-24 00:00:00,34.94828824980715
2011-10-24 01:00:00,8.04367047582133
2011-10-24 02:00:00,5.198469888656584
2011-10-24 03:00:00,5.4197210981311095
2011-10-24 04:00:00,5.185303976012667
2011-10-24 05:00:00,21.532979478066984
2011-10-24 06:00:00,97.78208197580574
2011-10-24 07:00:00,238.90239186756105
2011-10-24 08:00:00,369.6782140552443
2011-10-24 09:00:00,201.33837877844326
2011-10-24 10:00:00,114.84747521880445
2011-10-24 11:00:00,133.53507552982305
2011-10-24 12:00:00,174.64707381599402
2011-10-24 13:00:00,171.83575603224955
2011-10-24 14:00:00,168.34505373889445
2011-10-24 15:00:00,175.11682540489215
2011-10-24 16:00:00,295.05845141600594
2011-10-24 17:00:00,513.2048501806572
2011-10-24 18:00:00,498.464194591805
2011-10-24 19:00:00,227.46766771546282
2011-10-24 20:00:00,187.18594085207735
2011-10-24 21:00:00,133.73595321531712
2011-10-24 22:00:00,118.60134012995432
2011-10-24 23:00:00,65.99536158509822
2011-10-25 00:00:00,43.05474496957582
2011-10-25 01:00:00,10.779736304284935
2011-10-25 02:00:00,5.558830482447977
2011-10-25 03:00:00,4.961027192047071
2011-10-25 04:00:00,5.59096521476103
2011-10-25 05:00:00,21.8824412604185
2011-10-25 06:00:00,96.33509941864757
2011-10-25 07:00:00,278.24900998704294
2011-10-25 08:00:00,407.90738114014346
2011-10-25 09:00:00,207.73114891517054
2011-10-25 10:00:00,122.34484068080194
2011-10-25 11:00:00,135.74031850898885
2011-10-25 12:00:00,183.79336238880813
2011-10-25 13:00:00,190.6753332242271
2011-10-25 14:00:00,165.41242237999705
2011-10-25 15:00:00,171.15046388681455
2011-10-25 16:00:00,304.81450890871616
2011-10-25 17:00:00,571.2882101071916
2011-10-25 18:00:00,489.3221031656666
2011-10-25 19:00:00,298.395698117899
2011-10-25 20:00:00,216.12837853361026
2011-10-25 21:00:00,150.42898537604256
2011-10-25 22:00:00,129.74603854450265
2011-10-25 23:00:00,66.29233413298343
2011-10-26 00:00:00,44.516613277678516
2011-10-26 01:00:00,13.755183228519181
2011-10-26 02:00:00,7.326123473036553
2011-10-26 03:00:00,4.290166721615973
2011-10-26 04:00:00,4.034120511485563
2011-10-26 05:00:00,24.714888918120433
2011-10-26 06:00:00,102.36648947661038
2011-10-26 07:00:00,291.07916299332624
2011-10-26 08:00:00,398.2160355382552
2011-10-26 09:00:00,212.35071751141024
2011-10-26 10:00:00,120.36892948485601
2011-10-26 11:00:00,135.923051881904
2011-10-26 12:00:00,180.17602359195405
2011-10-26 13:00:00,164.61976272980274
2011-10-26 14:00:00,151.54004243227033
2011-10-26 15:00:00,160.46729487041017
2011-10-26 16:00:00,268.63740005264657
2011-10-26 17:00:00,435.3661083511117
2011-10-26 18:00:00,427.9453794135697
2011-10-26 19:00:00,231.51549053183226
2011-10-26 20:00:00,157.48266009693413
2011-10-26 21:00:00,155.26079564857412
2011-10-26 22:00:00,117.36992237251762
2011-10-26 23:00:00,68.02168432703495
2011-10-27 00:00:00,27.24455883904702
2011-10-27 01:00:00,8.600671703439321
2011-10-27 02:00:00,7.735077015826256
2011-10-27 03:00:00,3.53732532416225
2011-10-27 04:00:00,4.420216409696809
2011-10-27 05:00:00,12.565009898493678
2011-10-27 06:00:00,45.31049314683896
2011-10-27 07:00:00,217.67644447379965
2011-10-27 08:00:00,187.78069888767962
2011-10-27 09:00:00,209.50314220014135
2011-10-27 10:00:00,103.87833603536775
2011-10-27 11:00:00,99.70429430670947
2011-10-27 12:00:00,98.50707251263827
2011-10-27 13:00:00,140.56701762259422
2011-10-27 14:00:00,134.4739799945449
2011-10-27 15:00:00,147.73030087272934
2011-10-27 16:00:00,293.97414382251935
2011-10-27 17:00:00,355.65272989943116
2011-10-27 18:00:00,390.5673677243652
2011-10-27 19:00:00,242.15671239102028
2011-10-27 20:00:00,174.6692987592775
2011-10-27 21:00:00,75.540794483611
2011-10-27 22:00:00,52.4078629634098
2011-10-27 23:00:00,54.9624874261244
2011-10-28 00:00:00,42.13002523835578
2011-10-28 01:00:00,19.078558463495952
2011-10-28 02:00:00,10.176619198570128
2011-10-28 03:00:00,3.162295807857843
2011-10-28 04:00:00,3.499402707561627
2011-10-28 05:00:00,22.833831482060695
2011-10-28 06:00:00,81.70613595961869
2011-10-28 07:00:00,195.08609431801995
2011-10-28 08:00:00,255.7894209516216
2011-10-28 09:00:00,179.3011413318772
2011-10-28 10:00:00,134.97919001538517
2011-10-28 11:00:00,155.08429285933084
2011-10-28 12:00:00,176.8643062299954
2011-10-28 13:00:00,180.4821005125958
2011-10-28 14:00:00,171.41173290028732
2011-10-28 15:00:00,172.19849240690266
2011-10-28 16:00:00,234.92055239052442
2011-10-28 17:00:00,335.82874321805957
2011-10-28 18:00:00,311.0283806558021
2011-10-28 19:00:00,217.71557281550284
2011-10-28 20:00:00,124.41242110479591
2011-10-28 21:00:00,94.36983935057924
2011-10-28 22:00:00,56.72990261996501
2011-10-28 23:00:00,49.8384121072269
2011-10-29 00:00:00,44.03239145919084
2011-10-29 01:00:00,37.42933992210607
2011-10-29 02:00:00,41.678802200150564
2011-10-29 03:00:00,16.298810614494627
2011-10-29 04:00:00,3.3985860797040104
2011-10-29 05:00:00,3.2004778453853513
2011-10-29 06:00:00,13.07052878716338
2011-10-29 07:00:00,28.48766606031354
2011-10-29 08:00:00,78.50776216976992
2011-10-29 09:00:00,92.7506409271815
2011-10-29 10:00:00,95.05779283470937
2011-10-29 11:00:00,101.70271833322116
2011-10-29 12:00:00,106.90944863771671
2011-10-29 13:00:00,97.7740762267128
2011-10-29 14:00:00,102.22199296594638
2011-10-29 15:00:00,97.51743764725767
2011-10-29 16:00:00,93.7397681267787
2011-10-29 17:00:00,92.4939240656806
2011-10-29 18:00:00,92.91058276287158
2011-10-29 19:00:00,123.45725372641573
2011-10-29 20:00:00,95.58400722384285
2011-10-29 21:00:00,63.18234069622106
2011-10-29 22:00:00,59.17843794360726
2011-10-29 23:00:00,48.092692032474396
2011-10-30 00:00:00,54.99611515906193
2011-10-30 01:00:00,44.68159883708082
2011-10-30 02:00:00,38.7094144887111
2011-10-30 03:00:00,16.134402877840753
2011-10-30 04:00:00,3.0834370356437697
2011-10-30 05:00:00,3.5306652975447594
2011-10-30 06:00:00,11.473061933220304
2011-10-30 07:00:00,29.34433002668578
2011-10-30 08:00:00,70.7695148474698
2011-10-30 09:00:00,115.95459745985778
2011-10-30 10:00:00,181.0211256600441
2011-10-30 11:00:00,220.9830428288249
2011-10-30 12:00:00,281.63279198333856
2011-10-30 13:00:00,295.6259751852229
2011-10-30 14:00:00,322.50509386211024
2011-10-30 15:00:00,324.77794038530016
2011-10-30 16:00:00,301.35634293548446
2011-10-30 17:00:00,249.2108313768878
2011-10-30 18:00:00,212.61633868727637
2011-10-30 19:00:00,304.97586593291453
2011-10-30 20:00:00,120.81020825838851
2011-10-30 21:00:00,91.99826633790353
2011-10-30 22:00:00,66.64145345945784
2011-10-30 23:00:00,45.0356626830744
2011-10-31 00:00:00,19.38509698159943
2011-10-31 01:00:00,7.502465992421671
2011-10-31 02:00:00,3.63953279868619
2011-10-31 03:00:00,3.7242218976587305
2011-10-31 04:00:00,4.2973390480241385
2011-10-31 05:00:00,20.610075494062848
2011-10-31 06:00:00,88.04871132368936
2011-10-31 07:00:00,219.36335371883945
2011-10-31 08:00:00,321.8653511837663
2011-10-31 09:00:00,183.4111943374773
2011-10-31 10:00:00,111.02192066052652
2011-10-31 11:00:00,140.24032241315788
2011-10-31 12:00:00,162.59022775262406
2011-10-31 13:00:00,154.50411525969236
2011-10-31 14:00:00,149.70939783110046
2011-10-31 15:00:00,164.91444979954656
2011-10-31 16:00:00,243.7215529533844
2011-10-31 17:00:00,453.67498822845397
2011-10-31 18:00:00,394.77674751814743
2011-10-31 19:00:00,274.9987737275053
2011-10-31 20:00:00,193.96927504141348
2011-10-31 21:00:00,132.13006049483133
2011-10-31 22:00:00,96.08136989340721
2011-10-31 23:00:00,53.56814835085172
2011-11-20 00:00:00,77.40981320507255
2011-11-20 01:00:00,66.64095160404452
2011-11-20 02:00:00,69.74031873263033
2011-11-20 03:00:00,28.048857722072192
2011-11-20 04:00:00,4.034170695546384
2011-11-20 05:00:00,5.365737056834953
2011-11-20 06:00:00,13.553823716528095
2011-11-20 07:00:00,51.5325525552652
2011-11-20 08:00:00,80.03550166155391
2011-11-20 09:00:00,155.97089269847584
2011-11-20 10:00:00,245.74570349967516
2011-11-20 11:00:00,304.8446370552687
2011-11-20 12:00:00,327.7740712457258
2011-11-20 13:00:00,350.35064628032893
2011-11-20 14:00:00,347.5534249206313
2011-11-20 15:00:00,341.09588143459183
2011-11-20 16:00:00,338.92985208350854
2011-11-20 17:00:00,273.47368375065247
2011-11-20 18:00:00,271.48124469238957
2011-11-20 19:00:00,210.56786439838385
2011-11-20 20:00:00,170.94602678932162
2011-11-20 21:00:00,117.7488231595533
2011-11-20 22:00:00,61.33287996447799
2011-11-20 23:00:00,53.35545727384188
2011-11-21 00:00:00,26.212514521318347
2011-11-21 01:00:00,6.397577489919001
2011-11-21 02:00:00,5.998818668334108
2011-11-21 03:00:00,3.4139386965294047
2011-11-21 04:00:00,3.9251840160493314
2011-11-21 05:00:00,12.444635703771986
2011-11-21 06:00:00,76.83630013321468
2011-11-21 07:00:00,220.2928728372761
2011-11-21 08:00:00,275.4060979800477
2011-11-21 09:00:00,143.21556693112367
2011-11-21 10:00:00,107.50582026993807
2011-11-21 11:00:00,117.90594444839607
2011-11-21 12:00:00,161.40762491200806
2011-11-21 13:00:00,160.8650315095266
2011-11-21 14:00:00,136.31775442321802
2011-11-21 15:00:00,75.78938661010534
2011-11-21 16:00:00,95.10027528874669
2011-11-21 17:00:00,98.74751502057491
2011-11-21 18:00:00,136.67777353248619
2011-11-21 19:00:00,103.92312792946736
2011-11-21 20:00:00,110.48257728179195
2011-11-21 21:00:00,93.17835498164489
2011-11-21 22:00:00,65.06592530420554
2011-11-21 23:00:00,47.11570277066661
2011-11-22 00:00:00,19.584806893242842
2011-11-22 01:00:00,7.289154210083689
2011-11-22 02:00:00,5.6916993063873385
2011-11-22 03:00:00,3.7205739111959417
2011-11-22 04:00:00,3.987208119250881
2011-11-22 05:00:00,10.190736849373797
2011-11-22 06:00:00,76.36246743084321
2011-11-22 07:00:00,115.2102538699074
2011-11-22 08:00:00,138.74291062732937
2011-11-22 09:00:00,140.3245135579144
2011-11-22 10:00:00,93.43871335150583
2011-11-22 11:00:00,82.07861961039782
2011-11-22 12:00:00,75.63541710284166
2011-11-22 13:00:00,71.65342419539056
2011-11-22 14:00:00,70.80855550987172
2011-11-22 15:00:00,76.95145412800818
2011-11-22 16:00:00,100.23384965608501
2011-11-22 17:00:00,95.75921139844633
2011-11-22 18:00:00,101.34546339506595
2011-11-22 19:00:00,132.36284344810298
2011-11-22 20:00:00,128.22705228042577
2011-11-22 21:00:00,103.70331696364579
2011-11-22 22:00:00,100.25658024151801
2011-11-22 23:00:00,68.29962341041386
2011-11-23 00:00:00,22.038715187558413
2011-11-23 01:00:00,8.356153822341856
2011-11-23 02:00:00,5.657874902930616
2011-11-23 03:00:00,3.2791106942878363
2011-11-23 04:00:00,4.442812289983386
2011-11-23 05:00:00,17.570014408983678
2011-11-23 06:00:00,77.35057386221297
2011-11-23 07:00:00,185.96773282398533
2011-11-23 08:00:00,281.849777593418
2011-11-23 09:00:00,153.0102890459074
2011-11-23 10:00:00,95.54254582416903
2011-11-23 11:00:00,128.54058020864323
2011-11-23 12:00:00,166.48055412745478
2011-11-23 13:00:00,152.77945740075282
2011-11-23 14:00:00,152.64251073689653
2011-11-23 15:00:00,147.13340203965979
2011-11-23 16:00:00,219.09385550749806
2011-11-23 17:00:00,227.69619432141656
2011-11-23 18:00:00,350.49220929616456
2011-11-23 19:00:00,237.21652701613334
2011-11-23 20:00:00,157.6176104264938
2011-11-23 21:00:00,67.08126263127878
2011-11-23 22:00:00,53.144083590290094
2011-11-23 23:00:00,63.97301677263877
2011-11-24 00:00:00,38.1031143950367
2011-11-24 01:00:00,23.74319452219903
2011-11-24 02:00:00,16.813666041283383
2011-11-24 03:00:00,7.869203944755869
2011-11-24 04:00:00,5.713861279124872
2011-11-24 05:00:00,9.375956083899984
2011-11-24 06:00:00,47.18065170854965
2011-11-24 07:00:00,112.17705859513829
2011-11-24 08:00:00,205.02441836689258
2011-11-24 09:00:00,176.62823110989783
2011-11-24 10:00:00,196.95785975854938
2011-11-24 11:00:00,269.75023938272614
2011-11-24 12:00:00,283.9538517599731
2011-11-24 13:00:00,290.9996054579728
2011-11-24 14:00:00,306.28124916337964
2011-11-24 15:00:00,299.25801676085405
2011-11-24 16:00:00,305.6340185506579
2011-11-24 17:00:00,378.68488608317097
2011-11-24 18:00:00,299.7254253885998
2011-11-24 19:00:00,232.11335149184941
2011-11-24 20:00:00,138.77663137350225
2011-11-24 21:00:00,124.87798075299872
2011-11-24 22:00:00,102.93076109833174
2011-11-24 23:00:00,71.75943380447302
2011-11-25 00:00:00,42.822254262044325
2011-11-25 01:00:00,17.907030867100556
2011-11-25 02:00:00,10.225974031402712
2011-11-25 03:00:00,4.331116459088799
2011-11-25 04:00:00,4.15802051292452
2011-11-25 05:00:00,21.282147530090867
2011-11-25 06:00:00,76.9872589712542
2011-11-25 07:00:00,246.70311309417485
2011-11-25 08:00:00,308.589102801732
2011-11-25 09:00:00,203.48199758645788
2011-11-25 10:00:00,146.2910206223603
2011-11-25 11:00:00,156.80698338370348
2011-11-25 12:00:00,201.14574156728224
2011-11-25 13:00:00,204.3625062027758
2011-11-25 14:00:00,201.89035190776994
2011-11-25 15:00:00,206.70991209906495
2011-11-25 16:00:00,308.80745236136374
2011-11-25 17:00:00,445.8976904561639
2011-11-25 18:00:00,425.206523982107
2011-11-25 19:00:00,247.4959874999304
2011-11-25 20:00:00,178.98454460656748
2011-11-25 21:00:00,131.52952156427656
2011-11-25 22:00:00,105.83632793372362
2011-11-25 23:00:00,74.4662841934357
2011-11-26 00:00:00,69.7465762319087
2011-11-26 01:00:00,60.389839346571286
2011-11-26 02:00:00,54.874839467149
2011-11-26 03:00:00,24.378451912702854
2011-11-26 04:00:00,6.033981496540438
2011-11-26 05:00:00,6.583564402935555
2011-11-26 06:00:00,16.14922266524766
2011-11-26 07:00:00,32.90026590770572
2011-11-26 08:00:00,106.32932998319363
2011-11-26 09:00:00,143.68523882570756
2011-11-26 10:00:00,181.8941658586441
2011-11-26 11:00:00,274.35797462715357
2011-11-26 12:00:00,319.2098073720469
2011-11-26 13:00:00,337.33010097231073
2011-11-26 14:00:00,330.2599060597023
2011-11-26 15:00:00,342.1949008227339
2011-11-26 16:00:00,320.35598645638726
2011-11-26 17:00:00,274.6483640880303
2011-11-26 18:00:00,226.92494921960912
2011-11-26 19:00:00,210.01213069584568
2011-11-26 20:00:00,156.89942439136735
2011-11-26 21:00:00,109.12805657571712
2011-11-26 22:00:00,104.9454614878816
2011-11-26 23:00:00,68.18779469322129
2011-11-27 00:00:00,77.58947343209222
2011-11-27 01:00:00,67.94792218122109
2011-11-27 02:00:00,64.4990001824571
2011-11-27 03:00:00,37.21369329871702
2011-11-27 04:00:00,5.9817265373435236
2011-11-27 05:00:00,5.816380291928054
2011-11-27 06:00:00,13.085585789038477
2011-11-27 07:00:00,54.19627109658505
2011-11-27 08:00:00,94.93619799157048
2011-11-27 09:00:00,152.31905572849055
2011-11-27 10:00:00,254.0826975022811
2011-11-27 11:00:00,302.34035960576693
2011-11-27 12:00:00,362.6297286951654
2011-11-27 13:00:00,361.2667945232683
2011-11-27 14:00:00,422.35939849172604
2011-11-27 15:00:00,409.3411131937976
2011-11-27 16:00:00,391.7782483559792
2011-11-27 17:00:00,299.96627979517046
2011-11-27 18:00:00,232.5053101466258
2011-11-27 19:00:00,214.41089154043232
2011-11-27 20:00:00,162.79924661006308
2011-11-27 21:00:00,120.07579684525206
2011-11-27 22:00:00,108.91618054957078
2011-11-27 23:00:00,72.30568886892713
2011-11-28 00:00:00,42.19497630030878
2011-11-28 01:00:00,11.165462283505816
2011-11-28 03:00:00,4.615160663516156
2011-11-28 04:00:00,5.523695659935082
2011-11-28 05:00:00,21.08031045165438
2011-11-28 06:00:00,90.61716908438703
2011-11-28 07:00:00,293.1291149596909
2011-11-28 08:00:00,319.12810074573576
2011-11-28 09:00:00,189.86556921163498
2011-11-28 10:00:00,116.64712463900536
2011-11-28 11:00:00,134.03009711956136
2011-11-28 12:00:00,194.22784874649955
2011-11-28 13:00:00,184.5512873123582
2011-11-28 14:00:00,181.33357436624195
2011-11-28 15:00:00,185.9254491287928
2011-11-28 16:00:00,297.7359980813806
2011-11-28 17:00:00,533.1458625007353
2011-11-28 18:00:00,503.3545199859506
2011-11-28 19:00:00,311.44005853175406
2011-11-28 20:00:00,217.88448791221285
2011-11-28 21:00:00,175.1453261510034
2011-11-28 22:00:00,119.23176934259477
2011-11-28 23:00:00,66.55591533055734
2011-11-29 00:00:00,27.022473368155815
2011-11-29 01:00:00,10.3545144240812
2011-11-29 02:00:00,5.503010201983553
2011-11-29 03:00:00,4.418212424369925
2011-11-29 04:00:00,4.274414072938087
2011-11-29 05:00:00,22.219222794844185
2011-11-29 06:00:00,85.88175589404618
2011-11-29 07:00:00,292.5698960014349
2011-11-29 08:00:00,425.44682256029154
2011-11-29 09:00:00,209.3970184133944
2011-11-29 10:00:00,107.72385588762833
2011-11-29 11:00:00,93.4540964465694
2011-11-29 12:00:00,93.49745094806191
2011-11-29 13:00:00,101.54609514838087
2011-11-29 14:00:00,77.74314198276551
2011-11-29 15:00:00,80.9398566416478
2011-11-29 16:00:00,103.66788525915348
2011-11-29 17:00:00,208.92320391888364
2011-11-29 18:00:00,234.55412382354842
2011-11-29 19:00:00,188.21515848616522
2011-11-29 20:00:00,152.83588746069583
2011-11-29 21:00:00,129.1958907867192
2011-11-29 22:00:00,101.18016876186324
2011-11-29 23:00:00,46.154490312284366
2011-11-30 00:00:00,26.450260634761506
2011-11-30 01:00:00,13.879465662005751
2011-11-30 02:00:00,6.129607503304342
2011-11-30 03:00:00,3.964591475257336
2011-11-30 04:00:00,4.025348634691052
2011-11-30 05:00:00,20.92683818430045
2011-11-30 06:00:00,80.67219773008713
2011-11-30 07:00:00,232.3523401566219
2011-11-30 08:00:00,312.7396539448169
2011-11-30 09:00:00,189.2012678979278
2011-11-30 10:00:00,122.97161470039563
2011-11-30 11:00:00,132.2695086933725
2011-11-30 12:00:00,134.3976510400351
2011-11-30 13:00:00,138.66473468809238
2011-11-30 14:00:00,137.79907507777887
2011-11-30 15:00:00,137.46111143900632
2011-11-30 16:00:00,223.26490328971272
2011-11-30 17:00:00,300.33712184657804
2011-11-30 18:00:00,312.14311739942565
2011-11-30 19:00:00,205.83242581304228
2011-11-30 20:00:00,142.62276380846583
2011-11-30 21:00:00,88.12190415711243
2011-11-30 22:00:00,90.24345779532203
2011-11-30 23:00:00,57.08594881432167
2011-12-20 00:00:00,26.087329491186534
2011-12-20 01:00:00,11.275855001300904
2011-12-20 02:00:00,4.91681407994502
2011-12-20 03:00:00,4.29051005571271
2011-12-20 04:00:00,3.962369848818504
2011-12-20 05:00:00,22.53013433271673
2011-12-20 06:00:00,89.29715904255801
2011-12-20 07:00:00,263.27148834044766
2011-12-20 08:00:00,398.92897788626
2011-12-20 09:00:00,219.49694082232804
2011-12-20 10:00:00,118.09659839728208
2011-12-20 11:00:00,132.7606094103877
2011-12-20 12:00:00,155.52378608957
2011-12-20 13:00:00,153.22333130024728
2011-12-20 14:00:00,148.73906560866044
2011-12-20 15:00:00,147.37727012735158
2011-12-20 16:00:00,239.25582868570214
2011-12-20 17:00:00,384.7878713116557
2011-12-20 18:00:00,374.8448895737533
2011-12-20 19:00:00,253.2174617530445
2011-12-20 20:00:00,180.1147598987596
2011-12-20 21:00:00,136.4334575061478
2011-12-20 22:00:00,109.1742266894846
2011-12-20 23:00:00,67.4637235659816
2011-12-21 00:00:00,26.012947531504555
2011-12-21 01:00:00,11.93708250070404
2011-12-21 02:00:00,5.717360772490584
2011-12-21 03:00:00,4.710922754859848
2011-12-21 04:00:00,4.369824744034397
2011-12-21 05:00:00,20.283117612863315
2011-12-21 06:00:00,81.40826669009081
2011-12-21 07:00:00,230.02913266000894
2011-12-21 08:00:00,111.10515170947309
2011-12-21 09:00:00,173.90662590206023
2011-12-21 10:00:00,111.0004249113845
2011-12-21 11:00:00,112.444693029563
2011-12-21 12:00:00,69.65787369492668
2011-12-21 13:00:00,53.34781481417799
2011-12-21 14:00:00,129.5982096001793
2011-12-21 15:00:00,138.32637588807847
2011-12-21 16:00:00,52.23429133282105
2011-12-21 17:00:00,56.522287754619384
2011-12-21 18:00:00,153.1916549543581
2011-12-21 19:00:00,152.56230105252232
2011-12-21 20:00:00,122.0578697847848
2011-12-21 21:00:00,121.6004198877646
2011-12-21 22:00:00,112.0688644401068
2011-12-21 23:00:00,64.84378585607485
2011-12-22 00:00:00,38.50319348271656
2011-12-22 01:00:00,9.306217099170816
2011-12-22 02:00:00,9.582499196891696
2011-12-22 03:00:00,4.538140900550618
2011-12-22 04:00:00,4.9245631853315635
2011-12-22 05:00:00,20.422128751870584
2011-12-22 06:00:00,82.36319277714304
2011-12-22 07:00:00,210.70534927725865
2011-12-22 08:00:00,311.0644440421263
2011-12-22 09:00:00,173.96145390403498
2011-12-22 10:00:00,101.85399734614079
2011-12-22 11:00:00,120.92484328130935
2011-12-22 12:00:00,150.87214217480286
2011-12-22 13:00:00,147.6119791679034
2011-12-22 14:00:00,141.06319013775726
2011-12-22 15:00:00,145.2054323200434
2011-12-22 16:00:00,217.93776367165503
2011-12-22 17:00:00,325.2750025794741
2011-12-22 18:00:00,329.37230902910966
2011-12-22 19:00:00,252.4302043366625
2011-12-22 20:00:00,103.89510124795875
2011-12-22 21:00:00,85.39623103800214
2011-12-22 22:00:00,51.73631412075222
2011-12-22 23:00:00,51.390626179040154
2011-12-23 00:00:00,33.05929784434194
2011-12-23 01:00:00,16.788971172133472
2011-12-23 02:00:00,8.659941433968774
2011-12-23 03:00:00,3.71695117303251
2011-12-23 04:00:00,3.3523378466248053
2011-12-23 05:00:00,16.241706349622337
2011-12-23 06:00:00,74.96384357240477
2011-12-23 07:00:00,206.30994907092514
2011-12-23 08:00:00,323.73279773572165
2011-12-23 09:00:00,199.08925130687186
2011-12-23 10:00:00,131.10270365743446
2011-12-23 11:00:00,145.1649309359225
2011-12-23 12:00:00,166.01445978743905
2011-12-23 13:00:00,168.30911705845884
2011-12-23 14:00:00,165.45862890733815
2011-12-23 15:00:00,160.6738137878793
2011-12-23 16:00:00,211.10800721060286
2011-12-23 17:00:00,308.26097955663727
2011-12-23 18:00:00,299.47164026276823
2011-12-23 19:00:00,204.5431990477521
2011-12-23 20:00:00,122.36746434074716
2011-12-23 21:00:00,102.74610976070889
2011-12-23 22:00:00,83.14807233158554
2011-12-23 23:00:00,68.76455486804426
2011-12-24 00:00:00,66.2914540059665
2011-12-24 01:00:00,63.21630110749801
2011-12-24 02:00:00,52.27400050762276
2011-12-24 03:00:00,24.198481370040565
2011-12-24 04:00:00,4.871348261741763
2011-12-24 05:00:00,5.339075102411536
2011-12-24 06:00:00,11.10107832438059
2011-12-24 07:00:00,25.765673263343952
2011-12-24 08:00:00,68.5745395174006
2011-12-24 09:00:00,118.73071327414908
2011-12-24 10:00:00,140.50266800453602
2011-12-24 11:00:00,176.7438849108847
2011-12-24 12:00:00,209.1482142999304
2011-12-24 13:00:00,205.47053048466182
2011-12-24 14:00:00,202.26100909811504
2011-12-24 15:00:00,182.4537608815616
2011-12-24 16:00:00,185.38828700314556
2011-12-24 17:00:00,129.8603348899282
2011-12-24 18:00:00,142.7365720864851
2011-12-24 19:00:00,130.84401546575143
2011-12-24 20:00:00,86.60786040349544
2011-12-24 21:00:00,78.3608724919267
2011-12-24 22:00:00,72.77048506070103
2011-12-24 23:00:00,49.4339658880988
2011-12-25 00:00:00,56.24299504627296
2011-12-25 01:00:00,52.1793119670033
2011-12-25 02:00:00,43.7459375679142
2011-12-25 03:00:00,20.438916956181814
2011-12-25 05:00:00,4.36457753203126
2011-12-25 06:00:00,7.112972137501313
2011-12-25 07:00:00,20.121884770944945
2011-12-25 08:00:00,57.19729273957694
2011-12-25 09:00:00,76.27496931398336
2011-12-25 10:00:00,103.1965690786911
2011-12-25 11:00:00,128.1989271176438
2011-12-25 12:00:00,122.93176868646738
2011-12-25 13:00:00,156.80115284904107
2011-12-25 14:00:00,191.19560932818925
2011-12-25 15:00:00,205.57870594818476
2011-12-25 16:00:00,207.33304831377276
2011-12-25 17:00:00,201.4568399693407
2011-12-25 18:00:00,148.58604001895077
2011-12-25 19:00:00,158.53272772822078
2011-12-25 20:00:00,116.62258910025226
2011-12-25 21:00:00,69.83394101866534
2011-12-25 22:00:00,59.86951826108066
2011-12-25 23:00:00,42.69451880822565
2011-12-26 00:00:00,22.54978853209129
2011-12-26 01:00:00,25.987265913912648
2011-12-26 02:00:00,17.167139387254167
2011-12-26 04:00:00,5.023775233831126
2011-12-26 05:00:00,6.967790097409468
2011-12-26 06:00:00,32.293722268053045
2011-12-26 07:00:00,98.77316326293598
2011-12-26 08:00:00,150.42666229268426
2011-12-26 09:00:00,163.0683147049886
2011-12-26 10:00:00,146.47932902035376
2011-12-26 11:00:00,145.22168504298494
2011-12-26 12:00:00,182.59417579413133
2011-12-26 13:00:00,217.22443840823826
2011-12-26 14:00:00,211.56981443563205
2011-12-26 15:00:00,220.01818208673163
2011-12-26 16:00:00,212.10376985770725
2011-12-26 17:00:00,236.8514140310407
2011-12-26 18:00:00,223.54452910184412
2011-12-26 19:00:00,156.3640040330335
2011-12-26 20:00:00,110.63597416957626
2011-12-26 21:00:00,83.54209742282623
2011-12-26 22:00:00,67.38782198934202
2011-12-26 23:00:00,44.83121945559201
2011-12-27 00:00:00,19.49683555646889
2011-12-27 01:00:00,9.463827323951053
2011-12-27 02:00:00,4.676771185829897
2011-12-27 03:00:00,3.2010024917356024
2011-12-27 04:00:00,3.4564501733039066
2011-12-27 05:00:00,17.60732876506919
2011-12-27 06:00:00,77.04168045158285
2011-12-27 07:00:00,178.33583163889926
2011-12-27 08:00:00,252.615854422139
2011-12-27 09:00:00,118.92758665177907
2011-12-27 10:00:00,105.96823283893676
2011-12-27 11:00:00,74.07170561062652
2011-12-27 12:00:00,63.827323313186696
2011-12-27 13:00:00,59.627087492837305
2011-12-27 14:00:00,59.213742356526694
2011-12-27 15:00:00,61.65364531881821
2011-12-27 16:00:00,73.99090281310637
2011-12-27 17:00:00,88.51069718659193
2011-12-27 18:00:00,194.85179479718838
2011-12-27 19:00:00,165.9958193663512
2011-12-27 20:00:00,132.8167663213985
2011-12-27 21:00:00,117.01127153418814
2011-12-27 22:00:00,83.83612344579608
2011-12-27 23:00:00,48.57407307780842
2011-12-28 00:00:00,22.521323346869554
2011-12-28 01:00:00,11.749788259160322
2011-12-28 02:00:00,4.753088483716799
2011-12-28 03:00:00,2.543916047519101
2011-12-28 05:00:00,17.864515049294493
2011-12-28 06:00:00,78.02103982023516
2011-12-28 07:00:00,199.18560624338198
2011-12-28 08:00:00,291.13352873787676
2011-12-28 09:00:00,190.68593036931262
2011-12-28 10:00:00,108.57880472226964
2011-12-28 11:00:00,121.84859948786345
2011-12-28 12:00:00,111.20322711566277
2011-12-28 13:00:00,122.49558058095141
2011-12-28 14:00:00,120.85898148909449
2011-12-28 15:00:00,124.55423514329195
2011-12-28 16:00:00,149.93574932234213
2011-12-28 17:00:00,223.06373177279303
2011-12-28 18:00:00,192.00530606485893
2011-12-28 19:00:00,150.21329078849087
2011-12-28 20:00:00,117.19256619715382
2011-12-28 21:00:00,85.91633474804682
2011-12-28 22:00:00,67.46260255515452
2011-12-28 23:00:00,44.18177219027573
2011-12-29 00:00:00,23.64264940144355
2011-12-29 01:00:00,10.164394968511042
2011-12-29 02:00:00,7.404296676671173
2011-12-29 03:00:00,3.075641113312413
2011-12-29 04:00:00,3.364143982761046
2011-12-29 05:00:00,18.20533264305433
2011-12-29 06:00:00,69.52547060536446
2011-12-29 07:00:00,166.09939556780066
2011-12-29 08:00:00,210.67600639668473
2011-12-29 09:00:00,161.99839643921115
2011-12-29 10:00:00,79.92568679450082
2011-12-29 11:00:00,98.86840006675578
2011-12-29 12:00:00,107.9712858787341
2011-12-29 13:00:00,113.31911877411018
2011-12-29 14:00:00,121.66332041090931
2011-12-29 15:00:00,120.73953743562645
2011-12-29 16:00:00,148.11881863867617
2011-12-29 17:00:00,253.90756521894463
2011-12-29 18:00:00,243.0048669243452
2011-12-29 19:00:00,187.95858916813535
2011-12-29 20:00:00,124.2023548408274
2011-12-29 21:00:00,100.37537715255525
2011-12-29 22:00:00,80.0232409389487
2011-12-29 23:00:00,64.1645992070764
2011-12-30 00:00:00,28.302266028105812
2011-12-30 01:00:00,14.00236621632567
2011-12-30 02:00:00,9.938303025433752
2011-12-30 03:00:00,4.139460542089402
2011-12-30 04:00:00,3.29499689752143
2011-12-30 05:00:00,17.753139962992282
2011-12-30 06:00:00,71.21569489501476
2011-12-30 07:00:00,177.76507497604786
2011-12-30 08:00:00,233.52934050157333
2011-12-30 09:00:00,175.94477324685502
2011-12-30 10:00:00,98.73741951969834
2011-12-30 11:00:00,127.45678875817873
2011-12-30 12:00:00,138.64684156824882
2011-12-30 13:00:00,146.2418459356149
2011-12-30 14:00:00,164.12571340306647
2011-12-30 15:00:00,176.04484259664812
2011-12-30 16:00:00,239.66986776955656
2011-12-30 17:00:00,315.3613806174665
2011-12-30 18:00:00,299.2069912674483
2011-12-30 19:00:00,175.4574343602461
2011-12-30 20:00:00,157.16022400981575
2011-12-30 21:00:00,120.7873420750736
2011-12-30 22:00:00,93.78527732487427
2011-12-30 23:00:00,70.19349907744076
2011-12-31 00:00:00,67.16857795037134
2011-12-31 01:00:00,64.1194371713011
2011-12-31 02:00:00,56.75326894698756
2011-12-31 03:00:00,22.430484578234523
2011-12-31 04:00:00,3.8374800777839235
2011-12-31 05:00:00,5.036807160920087
2011-12-31 06:00:00,11.476061911757807
2011-12-31 07:00:00,56.82914345400489
2011-12-31 08:00:00,95.3753739723408
2011-12-31 09:00:00,135.42893902543648
2011-12-31 10:00:00,179.57616392794304
2011-12-31 11:00:00,248.63967674500316
2011-12-31 12:00:00,343.32064677225026
2011-12-31 13:00:00,316.74943969833265
2011-12-31 14:00:00,289.46510066846344
2011-12-31 15:00:00,287.623132941181
2011-12-31 16:00:00,283.26356545104113
2011-12-31 17:00:00,239.93965466806353
2011-12-31 18:00:00,213.15562963932888
2011-12-31 19:00:00,199.04805966037054
2011-12-31 20:00:00,153.07933808430005
2011-12-31 21:00:00,122.77295685243756
2011-12-31 22:00:00,98.73551129047058
2011-12-31 23:00:00,68.82166412944031
2012-01-20 00:00:00,19.37382448390303
2012-01-20 01:00:00,9.463228976565318
2012-01-20 02:00:00,7.660961281286832
2012-01-20 03:00:00,4.882891020294246
2012-01-20 04:00:00,3.0104507099202005
2012-01-20 05:00:00,21.3377145021684
2012-01-20 06:00:00,75.79081505197729
2012-01-20 07:00:00,207.7767684481624
2012-01-20 08:00:00,400.4100852968043
2012-01-20 09:00:00,214.71427609806722
2012-01-20 10:00:00,114.600219679664
2012-01-20 11:00:00,119.88144374012684
2012-01-20 12:00:00,135.82873483789464
2012-01-20 13:00:00,137.32384807335882
2012-01-20 14:00:00,135.3920255521738
2012-01-20 15:00:00,130.84071021328288
2012-01-20 16:00:00,178.0394862876115
2012-01-20 17:00:00,246.24188526586994
2012-01-20 18:00:00,238.74695393964467
2012-01-20 19:00:00,199.07553379665416
2012-01-20 20:00:00,162.9392932111718
2012-01-20 21:00:00,91.63885243303281
2012-01-20 22:00:00,65.23268183856058
2012-01-20 23:00:00,53.12592608880543
2012-01-21 00:00:00,29.70131680606263
2012-01-21 01:00:00,32.21839376888572
2012-01-21 02:00:00,29.326165257794674
2012-01-21 03:00:00,14.739575593104401
2012-01-21 04:00:00,4.5442601223930135
2012-01-21 05:00:00,3.914973821638026
2012-01-21 06:00:00,5.369325108468675
2012-01-21 07:00:00,25.006351894952584
2012-01-21 08:00:00,66.85743015650789
2012-01-21 09:00:00,103.62255220087353
2012-01-21 10:00:00,117.30276781363703
2012-01-21 11:00:00,159.1677275450591
2012-01-21 12:00:00,186.21267938632448
2012-01-21 13:00:00,186.8249866672945
2012-01-21 14:00:00,126.57587142015824
2012-01-21 15:00:00,125.17183336422417
2012-01-21 16:00:00,168.4941172422346
2012-01-21 17:00:00,134.88195419754678
2012-01-21 18:00:00,126.67203007111998
2012-01-21 19:00:00,102.28230636741672
2012-01-21 20:00:00,95.66036014969066
2012-01-21 21:00:00,71.11114452927222
2012-01-21 22:00:00,59.51760659782869
2012-01-21 23:00:00,51.868149281431805
2012-01-22 00:00:00,47.92219320115486
2012-01-22 01:00:00,45.886010299803324
2012-01-22 02:00:00,36.44616461084617
2012-01-22 03:00:00,17.693416632157202
2012-01-22 04:00:00,4.128053894505991
2012-01-22 05:00:00,3.558912148769556
2012-01-22 06:00:00,3.43692833621846
2012-01-22 07:00:00,22.908659439981406
2012-01-22 08:00:00,55.81552858113208
2012-01-22 09:00:00,109.1967299811636
2012-01-22 10:00:00,133.827289758122
2012-01-22 11:00:00,131.9119409248981
2012-01-22 12:00:00,156.3371461931557
2012-01-22 13:00:00,166.14995813309554
2012-01-22 14:00:00,162.8703801976705
2012-01-22 15:00:00,148.14505868538023
2012-01-22 16:00:00,147.30036244616122
2012-01-22 17:00:00,124.98340471193694
2012-01-22 18:00:00,117.04637059556836
2012-01-22 19:00:00,107.53545821950648
2012-01-22 20:00:00,91.19903950033502
2012-01-22 21:00:00,62.03487922027073
2012-01-22 22:00:00,50.24837587696956
2012-01-22 23:00:00,38.62932844865172
2012-01-23 00:00:00,17.68879247713199
2012-01-23 01:00:00,7.443880456494126
2012-01-23 02:00:00,3.836416565926922
2012-01-23 03:00:00,2.9943910380746455
2012-01-23 04:00:00,2.77720954599924
2012-01-23 05:00:00,20.820469804043206
2012-01-23 06:00:00,79.33655067589258
2012-01-23 07:00:00,134.93134258318403
2012-01-23 08:00:00,146.27742172472406
2012-01-23 09:00:00,211.38649120311766
2012-01-23 10:00:00,104.13469567651104
2012-01-23 11:00:00,102.54790525777442
2012-01-23 12:00:00,102.22403461994776
2012-01-23 13:00:00,62.863417124087995
2012-01-23 14:00:00,56.06940957900326
2012-01-23 15:00:00,102.73166829687506
2012-01-23 16:00:00,118.08563601895887
2012-01-23 17:00:00,155.4597424963672
2012-01-23 18:00:00,168.99253112293098
2012-01-23 19:00:00,155.7906445678542
2012-01-23 20:00:00,130.359398720302
2012-01-23 21:00:00,90.77555358019019
2012-01-23 22:00:00,74.66434731685652
2012-01-23 23:00:00,46.91248187739664
2012-01-24 00:00:00,15.455759295629225
2012-01-24 01:00:00,6.637971756296534
2012-01-24 02:00:00,5.843011554171011
2012-01-24 03:00:00,3.133654335516142
2012-01-24 04:00:00,2.800247864229013
2012-01-24 05:00:00,19.821237597295642
2012-01-24 06:00:00,85.53684110423482
2012-01-24 07:00:00,211.08550992439612
2012-01-24 08:00:00,338.6162732668285
2012-01-24 09:00:00,193.40453052288132
2012-01-24 10:00:00,93.99894626722852
2012-01-24 11:00:00,94.68884751938441
2012-01-24 12:00:00,100.96995523903978
2012-01-24 13:00:00,100.92421259247276
2012-01-24 14:00:00,114.51398040827449
2012-01-24 15:00:00,132.4723383057853
2012-01-24 16:00:00,218.87082667879258
2012-01-24 17:00:00,399.43175150210845
2012-01-24 18:00:00,372.9629795576724
2012-01-24 19:00:00,271.7039745987558
2012-01-24 20:00:00,153.65505581287957
2012-01-24 21:00:00,138.41490299793992
2012-01-24 22:00:00,109.4476910640949
2012-01-24 23:00:00,58.51382473135084
2012-01-25 00:00:00,18.467515878549406
2012-01-25 01:00:00,7.675790999378513
2012-01-25 02:00:00,5.205605861132901
2012-01-25 03:00:00,3.4438346915896467
2012-01-25 04:00:00,2.6231846623662
2012-01-25 05:00:00,21.491198589938815
2012-01-25 06:00:00,79.48347796418246
2012-01-25 07:00:00,219.88274204217436
2012-01-25 08:00:00,416.62378397897044
2012-01-25 09:00:00,213.79851590709322
2012-01-25 10:00:00,108.26539821974437
2012-01-25 11:00:00,115.61947147164702
2012-01-25 12:00:00,127.91357538371605
2012-01-25 13:00:00,133.08435960245822
2012-01-25 14:00:00,127.66861539979234
2012-01-25 15:00:00,149.5486303803635
2012-01-25 16:00:00,183.3445913649607
2012-01-25 17:00:00,345.479707514073
2012-01-25 18:00:00,303.9446161695246
2012-01-25 19:00:00,248.53022286868335
2012-01-25 20:00:00,174.76193297397336
2012-01-25 21:00:00,118.1163345032135
2012-01-25 22:00:00,98.8606073946973
2012-01-25 23:00:00,56.054383826093996
2012-01-26 00:00:00,21.969138289987118
2012-01-26 01:00:00,7.466046033347938
2012-01-26 02:00:00,5.537664376033389
2012-01-26 03:00:00,3.1500612173075293
2012-01-26 04:00:00,3.478230362977391
2012-01-26 05:00:00,21.36696317352977
2012-01-26 06:00:00,81.53906637213099
2012-01-26 07:00:00,222.07303580684479
2012-01-26 08:00:00,382.0038709820593
2012-01-26 09:00:00,204.58203522108164
2012-01-26 10:00:00,109.85090477998337
2012-01-26 11:00:00,104.89402168556164
2012-01-26 12:00:00,114.63939200613984
2012-01-26 13:00:00,133.31972441561308
2012-01-26 14:00:00,135.4471732963209
2012-01-26 15:00:00,143.28222046072753
2012-01-26 16:00:00,209.47486720156635
2012-01-26 17:00:00,370.10199477401494
2012-01-26 18:00:00,372.667635608692
2012-01-26 19:00:00,257.6986905230701
2012-01-26 20:00:00,185.05478340248325
2012-01-26 21:00:00,142.16496065909016
2012-01-26 22:00:00,124.0955354866733
2012-01-26 23:00:00,87.74080054252994
2012-01-27 00:00:00,41.99970976108478
2012-01-27 01:00:00,13.856051750548943
2012-01-27 02:00:00,9.27773315106338
2012-01-27 03:00:00,3.6662949873258572
2012-01-27 04:00:00,3.023885379098143
2012-01-27 05:00:00,25.15887472920817
2012-01-27 06:00:00,94.16106536504017
2012-01-27 07:00:00,246.31487162251165
2012-01-27 08:00:00,124.18057531210991
2012-01-27 09:00:00,123.55097319510234
2012-01-27 10:00:00,112.90354057143864
2012-01-27 11:00:00,177.20599298665024
2012-01-27 12:00:00,209.13061301136392
2012-01-27 13:00:00,224.98650149818286
2012-01-27 14:00:00,218.3403721756167
2012-01-27 15:00:00,214.82223716855094
2012-01-27 16:00:00,276.8429637358929
2012-01-27 17:00:00,402.8775665640384
2012-01-27 18:00:00,359.448301841592
2012-01-27 19:00:00,252.05639935538267
2012-01-27 20:00:00,172.85332751588638
2012-01-27 21:00:00,127.0314986718891
2012-01-27 22:00:00,108.50885063983827
2012-01-27 23:00:00,70.57153463305642
2012-01-28 00:00:00,59.32978334845777
2012-01-28 01:00:00,52.4101109912388
2012-01-28 02:00:00,38.931109155140156
2012-01-28 03:00:00,18.697171973036326
2012-01-28 04:00:00,4.3709151725541595
2012-01-28 05:00:00,3.1075468613903876
2012-01-28 06:00:00,6.8806507225315
2012-01-28 07:00:00,34.652344200100096
2012-01-28 08:00:00,92.76012302423962
2012-01-28 09:00:00,117.61801378788208
2012-01-28 10:00:00,180.33570793555148
2012-01-28 11:00:00,205.349694974053
2012-01-28 12:00:00,210.96572680750856
2012-01-28 13:00:00,240.24022728784456
2012-01-28 14:00:00,294.4710004062404
2012-01-28 15:00:00,304.3340179000539
2012-01-28 16:00:00,350.90826407682437
2012-01-28 17:00:00,314.0837530362933
2012-01-28 18:00:00,290.90083971590957
2012-01-28 19:00:00,214.84174257658606
2012-01-28 20:00:00,161.52206043238212
2012-01-28 21:00:00,115.4778469103728
2012-01-28 22:00:00,106.24333253239736
2012-01-28 23:00:00,74.4675549580539
2012-01-29 00:00:00,66.65346787339818
2012-01-29 01:00:00,64.08419750905063
2012-01-29 02:00:00,44.46169057273935
2012-01-29 03:00:00,20.64803291764832
2012-01-29 04:00:00,5.434712998650078
2012-01-29 05:00:00,4.3518023648731115
2012-01-29 06:00:00,3.892275732876314
2012-01-29 07:00:00,25.421762910402887
2012-01-29 08:00:00,71.25748409398199
2012-01-29 09:00:00,105.35325349459822
2012-01-29 10:00:00,168.36235100794082
2012-01-29 11:00:00,202.0994486722082
2012-01-29 12:00:00,241.219247270209
2012-01-29 13:00:00,243.14891452532876
2012-01-29 14:00:00,239.0898909350103
2012-01-29 15:00:00,311.02496969334504
2012-01-29 16:00:00,295.10194315690194
2012-01-29 17:00:00,259.54449930184353
2012-01-29 18:00:00,214.59889265054903
2012-01-29 19:00:00,147.42327163152058
2012-01-29 20:00:00,106.1697271356398
2012-01-29 21:00:00,78.83982184520846
2012-01-29 22:00:00,78.01418333894489
2012-01-29 23:00:00,46.31958384580461
2012-01-30 00:00:00,20.437390363344832
2012-01-30 01:00:00,5.640653875093488
2012-01-30 02:00:00,4.546327521208676
2012-01-30 03:00:00,2.955904919650571
2012-01-30 04:00:00,2.2843521299617957
2012-01-30 05:00:00,19.96251807121062
2012-01-30 06:00:00,76.77936618428073
2012-01-30 07:00:00,204.22820118495656
2012-01-30 08:00:00,384.54936510014977
2012-01-30 09:00:00,203.6521525902903
2012-01-30 10:00:00,111.30960249491538
2012-01-30 11:00:00,111.41812726953415
2012-01-30 12:00:00,125.17038736529938
2012-01-30 13:00:00,126.24211864278129
2012-01-30 14:00:00,129.59347429151825
2012-01-30 15:00:00,127.71993848612544
2012-01-30 16:00:00,212.94215496305353
2012-01-30 17:00:00,395.78616702505803
2012-01-30 18:00:00,382.46990948643787
2012-01-30 19:00:00,223.93583355615195
2012-01-30 20:00:00,178.54210721464057
2012-01-30 21:00:00,121.1615851187255
2012-01-30 22:00:00,85.28425515807629
2012-01-30 23:00:00,47.29811342171077
2012-01-31 00:00:00,18.297527253491314
2012-01-31 01:00:00,6.502557230316402
2012-01-31 02:00:00,5.060211408435004
2012-01-31 03:00:00,2.9616317326813
2012-01-31 04:00:00,2.4527487912567754
2012-01-31 05:00:00,20.649991059147936
2012-01-31 06:00:00,82.32416788787246
2012-01-31 07:00:00,219.14732737318658
2012-01-31 08:00:00,409.25705904715113
2012-01-31 09:00:00,215.95043401964605
2012-01-31 10:00:00,113.42911942219156
2012-01-31 11:00:00,130.343223452125
2012-01-31 12:00:00,146.35214333756838
2012-01-31 13:00:00,187.49950842410922
2012-01-31 14:00:00,195.53961938261645
2012-01-31 15:00:00,200.91074847006212
2012-01-31 16:00:00,304.5946872486064
2012-01-31 17:00:00,515.3786494184162
2012-01-31 18:00:00,507.8771443580411
2012-01-31 19:00:00,342.94550089366066
2012-01-31 20:00:00,194.84942799961703
2012-01-31 21:00:00,163.47358311159164
2012-01-31 22:00:00,118.1078507358195
2012-01-31 23:00:00,72.166330519686
2012-02-20 00:00:00,22.543410228503973
2012-02-20 01:00:00,15.567937871210166
2012-02-20 02:00:00,12.970885445785598
2012-02-20 03:00:00,5.189964583811331
2012-02-20 05:00:00,4.631682677802131
2012-02-20 06:00:00,14.127328358639158
2012-02-20 07:00:00,28.49406586169096
2012-02-20 08:00:00,83.77810521162033
2012-02-20 09:00:00,113.2851551179156
2012-02-20 10:00:00,159.9510844658906
2012-02-20 11:00:00,179.4419678789063
2012-02-20 12:00:00,207.45198150133197
2012-02-20 13:00:00,214.06724198951275
2012-02-20 14:00:00,230.4161482095899
2012-02-20 15:00:00,238.07536789318306
2012-02-20 16:00:00,291.4204680713994
2012-02-20 17:00:00,361.31416363291174
2012-02-20 18:00:00,260.07688467903944
2012-02-20 19:00:00,188.62298072950966
2012-02-20 20:00:00,162.79057187239047
2012-02-20 21:00:00,81.5790985316084
2012-02-20 22:00:00,72.43115677414708
2012-02-20 23:00:00,48.81470379125369
2012-02-21 00:00:00,20.26161047115624
2012-02-21 01:00:00,7.475966681302209
2012-02-21 02:00:00,4.296907119401085
2012-02-21 04:00:00,2.119663217166457
2012-02-21 05:00:00,21.416071772940334
2012-02-21 06:00:00,80.0933446174157
2012-02-21 07:00:00,264.8933154033465
2012-02-21 08:00:00,433.8460722824792
2012-02-21 09:00:00,231.00383995658706
2012-02-21 10:00:00,102.20363919611552
2012-02-21 11:00:00,109.76794228681986
2012-02-21 12:00:00,138.7193259275691
2012-02-21 13:00:00,147.99337331977077
2012-02-21 14:00:00,144.23957083165723
2012-02-21 15:00:00,145.98630942161427
2012-02-21 16:00:00,237.51239955093425
2012-02-21 17:00:00,419.38652944607225
2012-02-21 18:00:00,416.9393285796646
2012-02-21 19:00:00,272.7649929102362
2012-02-21 20:00:00,194.30811213939415
2012-02-21 21:00:00,156.88965395958056
2012-02-21 22:00:00,111.03697607899447
2012-02-21 23:00:00,55.06899923968636
2012-02-22 00:00:00,22.95436387984358
2012-02-22 01:00:00,8.008644481238875
2012-02-22 02:00:00,5.48098157027671
2012-02-22 03:00:00,2.946406554891412
2012-02-22 04:00:00,2.4838510600298176
2012-02-22 05:00:00,21.062617262554706
2012-02-22 06:00:00,84.81159688696
2012-02-22 07:00:00,255.9991531681211
2012-02-22 08:00:00,426.3675265458368
2012-02-22 09:00:00,231.78629478599774
2012-02-22 10:00:00,120.53373274662293
2012-02-22 11:00:00,140.2649741946966
2012-02-22 12:00:00,163.10071999401578
2012-02-22 13:00:00,167.0315284351512
2012-02-22 14:00:00,178.061316293726
2012-02-22 15:00:00,207.13003451185256
2012-02-22 16:00:00,304.1749315245298
2012-02-22 17:00:00,510.53330901240935
2012-02-22 18:00:00,441.1367606815504
2012-02-22 19:00:00,302.90356771994993
2012-02-22 20:00:00,203.9107258771929
2012-02-22 21:00:00,171.1166979612
2012-02-22 22:00:00,128.19163727787992
2012-02-22 23:00:00,77.53408040091239
2012-02-23 00:00:00,30.30166601392962
2012-02-23 01:00:00,10.244767689822254
2012-02-23 02:00:00,8.835475976705817
2012-02-23 03:00:00,3.688678088781389
2012-02-23 04:00:00,3.760710798949492
2012-02-23 05:00:00,24.70976950360912
2012-02-23 06:00:00,85.90030580874651
2012-02-23 07:00:00,229.935276345662
2012-02-23 08:00:00,380.49329204087536
2012-02-23 09:00:00,219.9506001672974
2012-02-23 10:00:00,158.06730300789255
2012-02-23 11:00:00,192.28142881722204
2012-02-23 12:00:00,213.50146365008993
2012-02-23 13:00:00,209.85679227458039
2012-02-23 14:00:00,212.71818539563793
2012-02-23 15:00:00,217.92725541642682
2012-02-23 16:00:00,311.3100479576668
2012-02-23 17:00:00,524.6531482699166
2012-02-23 18:00:00,518.9179201810417
2012-02-23 19:00:00,341.4880343304003
2012-02-23 20:00:00,234.33668321361966
2012-02-23 21:00:00,159.00045180218981
2012-02-23 22:00:00,136.07208123436018
2012-02-23 23:00:00,98.12985937383358
2012-02-24 00:00:00,40.64888165662995
2012-02-24 01:00:00,15.768876490052545
2012-02-24 02:00:00,8.261665339575924
2012-02-24 03:00:00,4.481275335476107
2012-02-24 04:00:00,3.3863804450361332
2012-02-24 05:00:00,25.011766804636103
2012-02-24 06:00:00,85.0051014360866
2012-02-24 07:00:00,255.3444305595849
2012-02-24 08:00:00,362.0357480628956
2012-02-24 09:00:00,120.64436562981831
2012-02-24 10:00:00,78.42149482761847
2012-02-24 11:00:00,152.66611849190096
2012-02-24 12:00:00,178.46756376949378
2012-02-24 13:00:00,181.5583975154133
2012-02-24 14:00:00,198.71489439319558
2012-02-24 15:00:00,102.73472569669455
2012-02-24 16:00:00,139.3935643080821
2012-02-24 17:00:00,235.02160447941577
2012-02-24 18:00:00,321.2329144161268
2012-02-24 19:00:00,257.73259075470054
2012-02-24 20:00:00,173.72531022872832
2012-02-24 21:00:00,139.20426926680065
2012-02-24 22:00:00,119.80764024937076
2012-02-24 23:00:00,86.91050074919777
2012-02-25 00:00:00,66.2644982616832
2012-02-25 01:00:00,64.6343454395416
2012-02-25 02:00:00,41.44742962834131
2012-02-25 03:00:00,16.18142813237915
2012-02-25 04:00:00,3.6582143999192116
2012-02-25 05:00:00,3.3229873838742776
2012-02-25 06:00:00,7.645607540323107
2012-02-25 07:00:00,30.917263432251435
2012-02-25 08:00:00,72.66621977586989
2012-02-25 09:00:00,103.37371562840909
2012-02-25 10:00:00,167.9576069729235
2012-02-25 11:00:00,200.6148812061926
2012-02-25 12:00:00,236.8164650654037
2012-02-25 13:00:00,253.1575276135456
2012-02-25 14:00:00,225.9593846004957
2012-02-25 15:00:00,252.3742136466245
2012-02-25 16:00:00,220.804479417691
2012-02-25 17:00:00,168.33067397443313
2012-02-25 18:00:00,163.02458901590825
2012-02-25 19:00:00,117.93721038497061
2012-02-25 20:00:00,97.77170532399518
2012-02-25 21:00:00,73.7276570931325
2012-02-25 22:00:00,60.72415427191344
2012-02-25 23:00:00,59.55280889086443
2012-02-26 00:00:00,59.67202475320382
2012-02-26 01:00:00,55.0357556888172
2012-02-26 02:00:00,39.96162438132271
2012-02-26 03:00:00,20.39989521687154
2012-02-26 04:00:00,3.956154150249027
2012-02-26 05:00:00,3.2441744077390826
2012-02-26 06:00:00,5.159610070522532
2012-02-26 07:00:00,23.2239934412955
2012-02-26 08:00:00,65.27308526980477
2012-02-26 09:00:00,109.63459989008655
2012-02-26 10:00:00,183.73041870398592
2012-02-26 11:00:00,207.27717063968453
2012-02-26 12:00:00,238.41907378158618
2012-02-26 13:00:00,287.4387109538531
2012-02-26 14:00:00,307.10178132858624
2012-02-26 15:00:00,337.9105396899018
2012-02-26 16:00:00,320.2180835286849
2012-02-26 17:00:00,272.2995618477964
2012-02-26 18:00:00,219.5945480994101
2012-02-26 19:00:00,176.66555668551678
2012-02-26 20:00:00,123.13277917237586
2012-02-26 21:00:00,78.25442202078571
2012-02-26 22:00:00,70.34357155452034
2012-02-26 23:00:00,41.85436510471572
2012-02-27 00:00:00,17.795925811012737
2012-02-27 01:00:00,7.011737990924701
2012-02-27 02:00:00,4.595030935886903
2012-02-27 03:00:00,2.717610750828718
2012-02-27 04:00:00,1.9498102114759508
2012-02-27 05:00:00,20.334899164349903
2012-02-27 06:00:00,82.89840209042725
2012-02-27 07:00:00,240.89589180164947
2012-02-27 08:00:00,405.74530731882084
2012-02-27 09:00:00,215.76740728333294
2012-02-27 10:00:00,130.24976362239732
2012-02-27 11:00:00,143.5681861582598
2012-02-27 12:00:00,160.7837250393437
2012-02-27 13:00:00,162.14585846845145
2012-02-27 14:00:00,195.8747867536976
2012-02-27 15:00:00,203.0261600049427
2012-02-27 16:00:00,305.33937496216737
2012-02-27 17:00:00,524.1604994644425
2012-02-27 18:00:00,502.3212837570982
2012-02-27 19:00:00,341.81350398962115
2012-02-27 20:00:00,219.2534462444195
2012-02-27 21:00:00,169.3266562330874
2012-02-27 22:00:00,123.83909462264873
2012-02-27 23:00:00,74.49244912696257
2012-02-28 00:00:00,25.625741522066413
2012-02-28 01:00:00,9.893533895715251
2012-02-28 02:00:00,7.950303849127801
2012-02-28 03:00:00,3.894409542099048
2012-02-28 04:00:00,2.242460221291069
2012-02-28 05:00:00,18.213226883984017
2012-02-28 06:00:00,83.58328527311723
2012-02-28 07:00:00,259.4003405229846
2012-02-28 08:00:00,440.028635844047
2012-02-28 09:00:00,223.97249737198084
2012-02-28 10:00:00,123.59268105887038
2012-02-28 11:00:00,135.87860782059633
2012-02-28 12:00:00,154.61771088601276
2012-02-28 13:00:00,160.642015166096
2012-02-28 14:00:00,158.4074502294096
2012-02-28 15:00:00,166.0319607232926
2012-02-28 16:00:00,263.7793558636837
2012-02-28 17:00:00,463.0346188053974
2012-02-28 18:00:00,459.29752940962044
2012-02-28 19:00:00,276.7690993584057
2012-02-28 20:00:00,198.3505959804404
2012-02-28 21:00:00,139.47495435422718
2012-02-28 22:00:00,115.53496229856441
2012-02-28 23:00:00,55.53479978437405
2012-02-29 00:00:00,23.007736967813152
2012-02-29 01:00:00,7.798128462745694
2012-02-29 02:00:00,4.851190842906861
2012-02-29 03:00:00,2.3611170676609134
2012-02-29 05:00:00,22.55888799310434
2012-02-29 06:00:00,83.09484044110629
2012-02-29 07:00:00,245.61746032936222
2012-02-29 08:00:00,413.2841611116479
2012-02-29 09:00:00,115.26429188930462
2012-02-29 10:00:00,58.84398756457442
2012-02-29 11:00:00,55.562825041415785
2012-02-29 12:00:00,61.60668846979557
2012-02-29 13:00:00,118.73068221028369
2012-02-29 14:00:00,118.54983122350478
2012-02-29 15:00:00,146.2477747752806
2012-02-29 16:00:00,137.8317660994584
2012-02-29 17:00:00,297.0566180108968
2012-02-29 18:00:00,250.3404276239215
2012-02-29 19:00:00,248.37346852764833
2012-02-29 20:00:00,143.12283993859378
2012-02-29 21:00:00,82.7525052463811
2012-02-29 22:00:00,78.73413808128284
2012-02-29 23:00:00,71.62557028859598
2012-03-20 00:00:00,25.96603074201856
2012-03-20 01:00:00,15.29995818354363
2012-03-20 02:00:00,4.73598749394038
2012-03-20 03:00:00,3.601489395343502
2012-03-20 04:00:00,3.300624046224752
2012-03-20 05:00:00,27.925509662035267
2012-03-20 06:00:00,122.3337771410626
2012-03-20 07:00:00,121.57438079288825
2012-03-20 08:00:00,517.6683372676038
2012-03-20 09:00:00,305.89660409163014
2012-03-20 10:00:00,151.47730816997728
2012-03-20 11:00:00,159.77284282233384
2012-03-20 12:00:00,199.41853755427206
2012-03-20 13:00:00,207.00565357452382
2012-03-20 14:00:00,216.59357009785984
2012-03-20 15:00:00,254.77979634189356
2012-03-20 16:00:00,312.96688553330927
2012-03-20 17:00:00,641.141967773356
2012-03-20 18:00:00,616.5483354874043
2012-03-20 19:00:00,488.5204421200127
2012-03-20 20:00:00,303.77704533769065
2012-03-20 21:00:00,219.256696691193
2012-03-20 22:00:00,153.62293137653916
2012-03-20 23:00:00,87.49322124030499
2012-03-21 00:00:00,28.74969623914819
2012-03-21 01:00:00,17.435431943739193
2012-03-21 02:00:00,5.9634607497940815
2012-03-21 03:00:00,3.859964942090712
2012-03-21 04:00:00,3.8386801602275122
2012-03-21 05:00:00,28.532523745907746
2012-03-21 06:00:00,127.98163801011214
2012-03-21 07:00:00,131.38892808164346
2012-03-21 08:00:00,132.905343790353
2012-03-21 09:00:00,304.61494450672546
2012-03-21 10:00:00,147.68942347787296
2012-03-21 11:00:00,140.50625323988854
2012-03-21 12:00:00,218.5130268183503
2012-03-21 13:00:00,207.4549170715262
2012-03-21 14:00:00,207.0215193853896
2012-03-21 15:00:00,217.1961755038309
2012-03-21 16:00:00,303.01613707768274
2012-03-21 17:00:00,663.7489008783926
2012-03-21 18:00:00,663.9243535457375
2012-03-21 19:00:00,525.4834698468833
2012-03-21 20:00:00,290.45940077657883
2012-03-21 21:00:00,215.20291082388079
2012-03-21 22:00:00,181.33109348672807
2012-03-21 23:00:00,103.43558824420978
2012-03-22 00:00:00,39.04360127390552
2012-03-22 01:00:00,19.089429434689297
2012-03-22 02:00:00,6.877436779887806
2012-03-22 03:00:00,4.942475957329582
2012-03-22 04:00:00,3.9063887939135062
2012-03-22 05:00:00,27.44205080168788
2012-03-22 06:00:00,126.74159045605809
2012-03-22 07:00:00,314.51565437086776
2012-03-22 08:00:00,509.3888785228707
2012-03-22 09:00:00,294.8829220269604
2012-03-22 10:00:00,131.84640192639637
2012-03-22 11:00:00,124.48989021401943
2012-03-22 12:00:00,197.96110321702898
2012-03-22 13:00:00,225.69260958397624
2012-03-22 14:00:00,219.17327914780202
2012-03-22 15:00:00,253.21549695135147
2012-03-22 16:00:00,354.36019938200513
2012-03-22 17:00:00,722.345307892512
2012-03-22 18:00:00,725.9343039681621
2012-03-22 19:00:00,515.43469858212
2012-03-22 20:00:00,336.910859771907
2012-03-22 21:00:00,231.0573890296343
2012-03-22 22:00:00,190.77516042823953
2012-03-22 23:00:00,112.0006738950597
2012-03-23 00:00:00,50.80415540123294
2012-03-23 01:00:00,21.400561379856164
2012-03-23 02:00:00,8.034748725562176
2012-03-23 03:00:00,4.462133402279162
2012-03-23 04:00:00,3.9930936184412458
2012-03-23 05:00:00,28.620525537841626
2012-03-23 06:00:00,123.60370423617508
2012-03-23 07:00:00,346.6580104921124
2012-03-23 08:00:00,501.31104592596637
2012-03-23 09:00:00,312.08718974344305
2012-03-23 10:00:00,209.37115641093393
2012-03-23 11:00:00,252.86053346762645
2012-03-23 12:00:00,313.5062424694156
2012-03-23 13:00:00,328.1565890497099
2012-03-23 14:00:00,326.6859752246586
2012-03-23 15:00:00,328.2251720266366
2012-03-23 16:00:00,455.7632649477091
2012-03-23 17:00:00,745.0549606494922
2012-03-23 18:00:00,727.0005468856212
2012-03-23 19:00:00,490.2933324042957
2012-03-23 20:00:00,327.06320528155857
2012-03-23 21:00:00,255.21304046395
2012-03-23 22:00:00,241.91124130136157
2012-03-23 23:00:00,153.24314972194418
2012-03-24 00:00:00,102.96529697111689
2012-03-24 01:00:00,98.27924960372732
2012-03-24 02:00:00,50.24325382490682
2012-03-24 03:00:00,27.210757269161412
2012-03-24 04:00:00,9.75706461598375
2012-03-24 05:00:00,8.199913856127747
2012-03-24 06:00:00,19.382873640976364
2012-03-24 07:00:00,72.01842689344433
2012-03-24 08:00:00,199.9248836554778
2012-03-24 09:00:00,285.99019481937944
2012-03-24 10:00:00,342.8973935504378
2012-03-24 11:00:00,379.2868270787831
2012-03-24 12:00:00,106.34076155027029
2012-03-24 13:00:00,104.44490208629216
2012-03-24 14:00:00,104.60627230028561
2012-03-24 15:00:00,120.56867051983657
2012-03-24 16:00:00,147.27885134254905
2012-03-24 17:00:00,194.51046925008322
2012-03-24 18:00:00,190.51660910825703
2012-03-24 19:00:00,183.13264423255757
2012-03-24 20:00:00,119.54723792259786
2012-03-24 21:00:00,91.38047769669431
2012-03-24 22:00:00,72.75992952959176
2012-03-24 23:00:00,110.29035137399742
2012-03-25 00:00:00,93.01490815364946
2012-03-25 01:00:00,84.23723812687341
2012-03-25 02:00:00,45.59128016138096
2012-03-25 03:00:00,19.972097183873508
2012-03-25 04:00:00,7.995500372123528
2012-03-25 05:00:00,7.5927500936179975
2012-03-25 06:00:00,10.626757545730117
2012-03-25 07:00:00,54.04020175313154
2012-03-25 08:00:00,101.10530617970312
2012-03-25 09:00:00,167.75342184335403
2012-03-25 10:00:00,251.89494655977998
2012-03-25 11:00:00,273.0289983715942
2012-03-25 12:00:00,281.8627947919433
2012-03-25 13:00:00,334.536825416793
2012-03-25 14:00:00,325.13945592081495
2012-03-25 15:00:00,322.36696858306027
2012-03-25 16:00:00,293.10058667849637
2012-03-25 17:00:00,419.69391354229924
2012-03-25 18:00:00,387.41989090319294
2012-03-25 19:00:00,303.3796710276566
2012-03-25 20:00:00,211.39389427817738
2012-03-25 21:00:00,158.3755313381221
2012-03-25 22:00:00,102.81055705554223
2012-03-25 23:00:00,58.81959221984628
2012-03-26 00:00:00,26.374400137577418
2012-03-26 01:00:00,12.30345654187949
2012-03-26 02:00:00,7.4383597354824715
2012-03-26 03:00:00,4.0757858612913
2012-03-26 04:00:00,4.492190841074019
2012-03-26 05:00:00,27.91568616680002
2012-03-26 06:00:00,116.39405496672912
2012-03-26 07:00:00,370.7905498513537
2012-03-26 08:00:00,585.9566623399387
2012-03-26 09:00:00,306.9915115175617
2012-03-26 10:00:00,189.19414261403048
2012-03-26 11:00:00,222.64514911523239
2012-03-26 12:00:00,240.61774083629663
2012-03-26 13:00:00,231.35077319927646
2012-03-26 14:00:00,226.34687589245158
2012-03-26 15:00:00,234.47189573536386
2012-03-26 16:00:00,328.91978319738337
2012-03-26 17:00:00,587.4730146407463
2012-03-26 18:00:00,525.2305324456872
2012-03-26 19:00:00,338.0221824366187
2012-03-26 20:00:00,240.05665552832633
2012-03-26 21:00:00,159.55061341857257
2012-03-26 22:00:00,118.45491444493942
2012-03-26 23:00:00,62.16409514009262
2012-03-27 00:00:00,23.454263503137753
2012-03-27 01:00:00,6.563254304010225
2012-03-27 02:00:00,4.653117804299173
2012-03-27 03:00:00,2.9829337113365484
2012-03-27 04:00:00,2.414221465579732
2012-03-27 05:00:00,21.018201095997505
2012-03-27 06:00:00,89.81532217788885
2012-03-27 07:00:00,280.20529518876344
2012-03-27 08:00:00,475.7241587370605
2012-03-27 09:00:00,253.61805315807965
2012-03-27 10:00:00,141.37335131990503
2012-03-27 11:00:00,151.65559727905293
2012-03-27 12:00:00,174.6757492471833
2012-03-27 13:00:00,176.98170624460138
2012-03-27 14:00:00,184.46275475062833
2012-03-27 15:00:00,198.5759320898947
2012-03-27 16:00:00,319.23670836800403
2012-03-27 17:00:00,539.305477714351
2012-03-27 18:00:00,496.58224710697885
2012-03-27 19:00:00,330.9193193810804
2012-03-27 20:00:00,275.3109424248805
2012-03-27 21:00:00,164.2097021954889
2012-03-27 22:00:00,124.94423062752523
2012-03-27 23:00:00,71.89196265557203
2012-03-28 00:00:00,26.59793868155066
2012-03-28 01:00:00,9.204227628852257
2012-03-28 02:00:00,4.647096705429675
2012-03-28 03:00:00,2.8780544094838345
2012-03-28 04:00:00,2.5956551899917626
2012-03-28 05:00:00,23.01403434006246
2012-03-28 06:00:00,100.27751737678233
2012-03-28 07:00:00,319.09258220696245
2012-03-28 08:00:00,549.3485874281239
2012-03-28 09:00:00,312.67597555430115
2012-03-28 10:00:00,186.20192306993346
2012-03-28 11:00:00,218.7070697569689
2012-03-28 12:00:00,256.1978884970045
2012-03-28 13:00:00,248.41934051312475
2012-03-28 14:00:00,240.49305804614198
2012-03-28 15:00:00,263.7108257460947
2012-03-28 16:00:00,273.62134234242643
2012-03-28 17:00:00,723.7900137900677
2012-03-28 18:00:00,722.355991491515
2012-03-28 19:00:00,524.5560628239547
2012-03-28 20:00:00,351.0734653607202
2012-03-28 21:00:00,246.5153683791169
2012-03-28 22:00:00,205.08240901715598
2012-03-28 23:00:00,106.9819456767214
2012-03-29 00:00:00,40.69213300100268
2012-03-29 01:00:00,19.034823563886
2012-03-29 02:00:00,10.603388023158288
2012-03-29 03:00:00,4.945867659627699
2012-03-29 04:00:00,5.345245535433747
2012-03-29 05:00:00,26.46310949022717
2012-03-29 06:00:00,123.71233558788848
2012-03-29 07:00:00,373.2403272785174
2012-03-29 08:00:00,604.6415287409876
2012-03-29 09:00:00,330.31864006517714
2012-03-29 10:00:00,182.46591416871456
2012-03-29 11:00:00,217.78327640819802
2012-03-29 12:00:00,247.16046125334867
2012-03-29 13:00:00,233.94208587279485
2012-03-29 14:00:00,226.64243471919477
2012-03-29 15:00:00,248.74661341785247
2012-03-29 16:00:00,358.4949992363703
2012-03-29 17:00:00,623.97517927739
2012-03-29 18:00:00,632.4771785675798
2012-03-29 19:00:00,419.9303357815146
2012-03-29 20:00:00,282.6970222095396
2012-03-29 21:00:00,187.18239869290036
2012-03-29 22:00:00,143.27660285712537
2012-03-29 23:00:00,97.22804886972716
2012-03-30 00:00:00,45.20998434826159
2012-03-30 01:00:00,17.014496938777153
2012-03-30 02:00:00,8.955461657572924
2012-03-30 03:00:00,3.728120276614405
2012-03-30 04:00:00,3.9590882140806265
2012-03-30 05:00:00,22.188026181463748
2012-03-30 06:00:00,94.105090924319
2012-03-30 07:00:00,276.2356969499595
2012-03-30 08:00:00,512.3814089064805
2012-03-30 09:00:00,280.81136793405443
2012-03-30 10:00:00,179.08875239747903
2012-03-30 11:00:00,193.4670778830049
2012-03-30 12:00:00,246.91873480905699
2012-03-30 13:00:00,127.44750040833009
2012-03-30 14:00:00,115.90270675191972
2012-03-30 15:00:00,110.77181378784896
2012-03-30 16:00:00,157.31250779904374
2012-03-30 17:00:00,455.11804662879683
2012-03-30 18:00:00,478.28179579934766
2012-03-30 19:00:00,310.4757264106423
2012-03-30 20:00:00,234.34791788465475
2012-03-30 21:00:00,173.51744729182917
2012-03-30 22:00:00,139.11636771829183
2012-03-30 23:00:00,115.65235045926427
2012-03-31 00:00:00,83.06862670170017
2012-03-31 01:00:00,74.38920786728836
2012-03-31 02:00:00,45.814133698780346
2012-03-31 03:00:00,21.07843921779413
2012-03-31 04:00:00,8.108910916477761
2012-03-31 05:00:00,8.017901682512063
2012-03-31 06:00:00,12.309143813775002
2012-03-31 07:00:00,55.18848263519278
2012-03-31 08:00:00,135.687248318784
2012-03-31 09:00:00,239.7954341131382
2012-03-31 10:00:00,289.65865085622744
2012-03-31 11:00:00,431.1641965003684
2012-03-31 12:00:00,453.7464958005929
2012-03-31 13:00:00,507.06269364435576
2012-03-31 14:00:00,461.7519793700393
2012-03-31 15:00:00,491.2673748287787
2012-03-31 16:00:00,475.4430392613879
2012-03-31 17:00:00,394.21090408964784
2012-03-31 18:00:00,326.54312840372415
2012-03-31 19:00:00,255.5503453338871
2012-03-31 20:00:00,195.34047684043995
2012-03-31 21:00:00,162.37042325512274
2012-03-31 22:00:00,137.25888182329254
2012-03-31 23:00:00,89.82750457073689
2012-04-20 00:00:00,50.43029788885865
2012-04-20 01:00:00,21.15269806549034
2012-04-20 02:00:00,8.551036392140288
2012-04-20 03:00:00,4.638389176305834
2012-04-20 04:00:00,3.8639766363787738
2012-04-20 05:00:00,28.51774011936968
2012-04-20 06:00:00,117.25474212157974
2012-04-20 07:00:00,322.81242823594374
2012-04-20 08:00:00,525.6024621757404
2012-04-20 09:00:00,311.4346153666261
2012-04-20 10:00:00,225.9940039065412
2012-04-20 11:00:00,271.89541427151596
2012-04-20 12:00:00,368.19596225582677
2012-04-20 13:00:00,370.95908628829216
2012-04-20 14:00:00,371.6669197334685
2012-04-20 15:00:00,381.6679231748407
2012-04-20 16:00:00,481.54300094121965
2012-04-20 17:00:00,711.1661480118222
2012-04-20 18:00:00,688.9259456087806
2012-04-20 19:00:00,506.96434822953637
2012-04-20 20:00:00,329.7530423109846
2012-04-20 21:00:00,244.5735398294039
2012-04-20 22:00:00,212.8813602141845
2012-04-20 23:00:00,149.8997534159757
2012-04-21 00:00:00,108.9819213438864
2012-04-21 01:00:00,101.48358839969444
2012-04-21 02:00:00,53.913212158248285
2012-04-21 03:00:00,23.13525077342837
2012-04-21 04:00:00,9.830412786120508
2012-04-21 05:00:00,11.89296549179397
2012-04-21 06:00:00,28.824068855981867
2012-04-21 07:00:00,68.43928609575211
2012-04-21 08:00:00,208.8861888993668
2012-04-21 09:00:00,283.46597867357957
2012-04-21 10:00:00,437.4585634756308
2012-04-21 11:00:00,463.61308790287956
2012-04-21 12:00:00,570.3154848312284
2012-04-21 13:00:00,583.8270742115338
2012-04-21 14:00:00,602.7958657550432
2012-04-21 15:00:00,613.1722836810656
2012-04-21 16:00:00,563.6222929016112
2012-04-21 17:00:00,600.2305227418351
2012-04-21 18:00:00,492.999021055158
2012-04-21 19:00:00,311.83007803084365
2012-04-21 20:00:00,103.60834659513031
2012-04-21 21:00:00,105.49135561736209
2012-04-21 22:00:00,164.85825268278805
2012-04-21 23:00:00,111.56449728662686
2012-04-22 00:00:00,110.35008704486906
2012-04-22 01:00:00,99.97119836784354
2012-04-22 02:00:00,53.297804123019176
2012-04-22 03:00:00,27.95534805969326
2012-04-22 04:00:00,13.032298185457593
2012-04-22 05:00:00,14.58221984558441
2012-04-22 06:00:00,19.2593819578611
2012-04-22 07:00:00,53.750646817389466
2012-04-22 08:00:00,71.10926766935444
2012-04-22 09:00:00,90.40752363953088
2012-04-22 10:00:00,96.87201401716163
2012-04-22 11:00:00,104.60253826092955
2012-04-22 12:00:00,106.45715537334291
2012-04-22 13:00:00,105.56359329784244
2012-04-22 14:00:00,107.87304467533127
2012-04-22 15:00:00,125.5792155824065
2012-04-22 16:00:00,158.2259045323125
2012-04-22 17:00:00,189.07284694314194
2012-04-22 18:00:00,176.7994840141266
2012-04-22 19:00:00,146.66141211131918
2012-04-22 20:00:00,127.6778294138974
2012-04-22 21:00:00,85.83205764391236
2012-04-22 22:00:00,59.6837431615342
2012-04-22 23:00:00,50.00172887970934
2012-04-23 00:00:00,20.252515869678685
2012-04-23 01:00:00,7.527181695418166
2012-04-23 02:00:00,5.261926320740788
2012-04-23 03:00:00,3.208546560110526
2012-04-23 04:00:00,2.6911597512092817
2012-04-23 05:00:00,23.109866263540763
2012-04-23 06:00:00,99.53532595058113
2012-04-23 07:00:00,159.67707920671023
2012-04-23 08:00:00,529.7885025546727
2012-04-23 09:00:00,252.02576715096345
2012-04-23 10:00:00,155.9034829436278
2012-04-23 11:00:00,157.84192164908967
2012-04-23 12:00:00,124.0886777818458
2012-04-23 13:00:00,124.63602449325397
2012-04-23 14:00:00,122.22318966449929
2012-04-23 15:00:00,165.39366730392777
2012-04-23 16:00:00,174.54843222313517
2012-04-23 17:00:00,270.1143737665949
2012-04-23 18:00:00,278.9594977714302
2012-04-23 19:00:00,302.0565854347851
2012-04-23 20:00:00,222.4072207563859
2012-04-23 21:00:00,148.15186605182038
2012-04-23 22:00:00,118.5369627718307
2012-04-23 23:00:00,70.56603529055486
2012-04-24 00:00:00,23.326658836047255
2012-04-24 01:00:00,9.824115029010581
2012-04-24 02:00:00,5.551536762783511
2012-04-24 03:00:00,3.193887043515142
2012-04-24 04:00:00,2.602797143127903
2012-04-24 05:00:00,25.855329196953647
2012-04-24 06:00:00,100.84568388280756
2012-04-24 07:00:00,313.42929505615933
2012-04-24 08:00:00,584.0489627650584
2012-04-24 09:00:00,317.5584380899585
2012-04-24 10:00:00,188.61590043656045
2012-04-24 11:00:00,221.19534450405885
2012-04-24 12:00:00,247.81726939554036
2012-04-24 13:00:00,233.36155325174232
2012-04-24 14:00:00,234.2641121656194
2012-04-24 15:00:00,249.8828016411684
2012-04-24 16:00:00,384.08943652512795
2012-04-24 17:00:00,662.8697632997655
2012-04-24 18:00:00,693.2743987714158
2012-04-24 19:00:00,498.2319532102329
2012-04-24 20:00:00,305.25870029467393
2012-04-24 21:00:00,228.60195446512634
2012-04-24 22:00:00,160.0838844159273
2012-04-24 23:00:00,90.80892474872782
2012-04-25 00:00:00,33.03459361320449
2012-04-25 01:00:00,10.089371248177285
2012-04-25 02:00:00,5.759811961953459
2012-04-25 03:00:00,3.0094276994187137
2012-04-25 04:00:00,2.962633352636854
2012-04-25 05:00:00,26.02857850131868
2012-04-25 06:00:00,103.2726848492545
2012-04-25 07:00:00,328.5006182516108
2012-04-25 08:00:00,542.2964496648697
2012-04-25 09:00:00,329.9805281031457
2012-04-25 10:00:00,197.1169024827306
2012-04-25 11:00:00,234.94713596997002
2012-04-25 12:00:00,265.7380460848548
2012-04-25 13:00:00,257.5700610602056
2012-04-25 14:00:00,256.52141750788593
2012-04-25 15:00:00,275.2025607026998
2012-04-25 16:00:00,376.45273388173337
2012-04-25 17:00:00,711.4613087597702
2012-04-25 18:00:00,713.0510552432338
2012-04-25 19:00:00,531.8091294854701
2012-04-25 20:00:00,366.9989254680885
2012-04-25 21:00:00,252.2907344744151
2012-04-25 22:00:00,214.5909692868207
2012-04-25 23:00:00,105.47966483033433
2012-04-26 00:00:00,35.12451843611482
2012-04-26 01:00:00,14.300245734832394
2012-04-26 02:00:00,9.829426896069482
2012-04-26 03:00:00,4.886848905246875
2012-04-26 04:00:00,5.041369078421653
2012-04-26 05:00:00,28.998587166890154
2012-04-26 06:00:00,131.0871683203216
2012-04-26 07:00:00,123.51505334435645
2012-04-26 08:00:00,137.31444223086973
2012-04-26 09:00:00,124.99331316897857
2012-04-26 10:00:00,143.859911643238
2012-04-26 11:00:00,122.49869135153196
2012-04-26 12:00:00,204.04691504480454
2012-04-26 13:00:00,202.86956150320347
2012-04-26 14:00:00,206.65521236390396
2012-04-26 15:00:00,203.84677701064766
2012-04-26 16:00:00,234.75519221345624
2012-04-26 17:00:00,491.0049322324696
2012-04-26 18:00:00,505.61086907436334
2012-04-26 19:00:00,405.76719580371747
2012-04-26 20:00:00,314.6526142367945
2012-04-26 21:00:00,231.81333685346897
2012-04-26 22:00:00,196.65401844733321
2012-04-26 23:00:00,107.75348853699471
2012-04-27 00:00:00,51.38336087438959
2012-04-27 01:00:00,25.96183699387785
2012-04-27 02:00:00,12.398310669152554
2012-04-27 03:00:00,5.468465175533697
2012-04-27 04:00:00,4.596718650529264
2012-04-27 05:00:00,27.581055107993375
2012-04-27 06:00:00,103.08415714451401
2012-04-27 07:00:00,340.8418808582649
2012-04-27 08:00:00,594.278553212184
2012-04-27 09:00:00,329.622684035841
2012-04-27 10:00:00,214.03738902486793
2012-04-27 11:00:00,238.34940994022065
2012-04-27 12:00:00,312.55881417562927
2012-04-27 13:00:00,325.43492892570316
2012-04-27 14:00:00,320.42138871586434
2012-04-27 15:00:00,387.84246528503957
2012-04-27 16:00:00,438.21096122867925
2012-04-27 17:00:00,654.4090312635507
2012-04-27 18:00:00,634.3975241598246
2012-04-27 19:00:00,468.4815858256023
2012-04-27 20:00:00,268.27282751421313
2012-04-27 21:00:00,193.03378294335178
2012-04-27 22:00:00,148.12783113102287
2012-04-27 23:00:00,104.1568714254773
2012-04-28 00:00:00,84.04492929604986
2012-04-28 01:00:00,67.25258574657974
2012-04-28 02:00:00,51.38724707025643
2012-04-28 03:00:00,21.98125947577365
2012-04-28 04:00:00,10.43220279712816
2012-04-28 05:00:00,9.414102108029011
2012-04-28 06:00:00,22.001481092015037
2012-04-28 07:00:00,71.6552033135232
2012-04-28 08:00:00,162.48136209804477
2012-04-28 09:00:00,249.45041886908035
2012-04-28 10:00:00,305.95697009331406
2012-04-28 11:00:00,393.22075050829005
2012-04-28 12:00:00,404.6681379289056
2012-04-28 13:00:00,446.259707092978
2012-04-28 14:00:00,477.53316997209566
2012-04-28 15:00:00,454.4687731529595
2012-04-28 16:00:00,439.970607778174
2012-04-28 17:00:00,400.5492398297732
2012-04-28 18:00:00,265.7787890226796
2012-04-28 19:00:00,198.4534148475625
2012-04-28 20:00:00,219.70181492414144
2012-04-28 21:00:00,98.84603723974587
2012-04-28 22:00:00,140.4646875555887
2012-04-28 23:00:00,123.91937574391848
2012-04-29 00:00:00,40.90185654559531
2012-04-29 01:00:00,74.6333080689237
2012-04-29 02:00:00,59.173033787179435
2012-04-29 03:00:00,24.386084524734677
2012-04-29 04:00:00,11.37588075547584
2012-04-29 05:00:00,11.614359834647974
2012-04-29 06:00:00,11.695956726258945
2012-04-29 07:00:00,55.247802043398124
2012-04-29 08:00:00,113.61144406642035
2012-04-29 09:00:00,220.61144124725067
2012-04-29 10:00:00,341.6711796918573
2012-04-29 11:00:00,457.691900443041
2012-04-29 12:00:00,530.077497537788
2012-04-29 13:00:00,545.1814439854498
2012-04-29 14:00:00,542.1516375063155
2012-04-29 15:00:00,557.2543887793221
2012-04-29 16:00:00,534.8014787271497
2012-04-29 17:00:00,510.57934402535636
2012-04-29 18:00:00,472.63451630966824
2012-04-29 19:00:00,399.09315818256164
2012-04-29 20:00:00,273.6085342957933
2012-04-29 21:00:00,161.66355833959577
2012-04-29 22:00:00,117.81153120968204
2012-04-29 23:00:00,67.03211142315422
2012-04-30 00:00:00,29.37419337454717
2012-04-30 01:00:00,10.412344560064618
2012-04-30 02:00:00,6.491441736968918
2012-04-30 03:00:00,4.586763835697715
2012-04-30 04:00:00,3.7818096932835434
2012-04-30 05:00:00,26.988202650365604
2012-04-30 06:00:00,110.43004520516675
2012-04-30 07:00:00,351.4876259569672
2012-04-30 08:00:00,599.7391810228454
2012-04-30 09:00:00,306.1026648595362
2012-04-30 10:00:00,191.87513027552842
2012-04-30 11:00:00,201.88384044723873
2012-04-30 12:00:00,213.7171791467229
2012-04-30 13:00:00,247.45285561687822
2012-04-30 14:00:00,242.06317438868598
2012-04-30 15:00:00,255.93500964132028
2012-04-30 16:00:00,347.3380793623905
2012-04-30 17:00:00,738.793988611896
2012-04-30 18:00:00,731.6146512172814
2012-04-30 19:00:00,483.4068694285789
2012-04-30 20:00:00,296.8231546486665
2012-04-30 21:00:00,227.2778857812785
2012-04-30 22:00:00,158.27036992335556
2012-04-30 23:00:00,80.11290513241339
2012-05-20 00:00:00,140.15584617260907
2012-05-20 01:00:00,100.89238742272255
2012-05-20 02:00:00,73.61140624636559
2012-05-20 03:00:00,32.639899989087425
2012-05-20 04:00:00,13.930421179156003
2012-05-20 05:00:00,13.561701898138763
2012-05-20 06:00:00,20.503340421015988
2012-05-20 07:00:00,58.361618027464274
2012-05-20 08:00:00,132.75976018713806
2012-05-20 09:00:00,251.19110497728025
2012-05-20 10:00:00,413.50053022547706
2012-05-20 11:00:00,554.7773601296925
2012-05-20 12:00:00,644.4068703038449
2012-05-20 13:00:00,649.7630083844446
2012-05-20 14:00:00,600.1574431838777
2012-05-20 15:00:00,593.0623596948462
2012-05-20 16:00:00,566.1576636957408
2012-05-20 17:00:00,524.5061033716478
2012-05-20 18:00:00,477.00953416683126
2012-05-20 19:00:00,358.8833729424667
2012-05-20 20:00:00,276.9488779317889
2012-05-20 21:00:00,196.07328666988047
2012-05-20 22:00:00,113.0963316088314
2012-05-20 23:00:00,62.6949740447537
2012-05-21 00:00:00,26.494154024238274
2012-05-21 01:00:00,15.859946092368212
2012-05-21 02:00:00,5.185385489474944
2012-05-21 03:00:00,3.909580912004622
2012-05-21 04:00:00,4.578712143072607
2012-05-21 05:00:00,28.66994365116173
2012-05-21 06:00:00,73.62021341126895
2012-05-21 07:00:00,115.69385223196265
2012-05-21 08:00:00,117.18001448322373
2012-05-21 09:00:00,112.82042751585195
2012-05-21 10:00:00,104.2306205413262
2012-05-21 11:00:00,133.22451072914504
2012-05-21 12:00:00,165.82040894171945
2012-05-21 13:00:00,98.54895780686509
2012-05-21 14:00:00,99.8733455756094
2012-05-21 15:00:00,190.23185835742433
2012-05-21 16:00:00,281.05707805546643
2012-05-21 17:00:00,638.7557205122248
2012-05-21 18:00:00,669.9384905832045
2012-05-21 19:00:00,516.5674527131363
2012-05-21 20:00:00,355.8898326057144
2012-05-21 21:00:00,247.84365600897868
2012-05-21 22:00:00,155.4580905698784
2012-05-21 23:00:00,91.66880098916155
2012-05-22 00:00:00,38.67535432066788
2012-05-22 01:00:00,16.3031990409829
2012-05-22 02:00:00,5.877559228299702
2012-05-22 03:00:00,5.875954427777222
2012-05-22 04:00:00,5.250627862221982
2012-05-22 05:00:00,28.923223278356943
2012-05-22 06:00:00,76.72739869759458
2012-05-22 07:00:00,105.28100852438226
2012-05-22 08:00:00,516.4808071371995
2012-05-22 09:00:00,304.22903271756627
2012-05-22 10:00:00,185.91205439263686
2012-05-22 11:00:00,206.88421075875772
2012-05-22 12:00:00,203.32615825920047
2012-05-22 13:00:00,217.45894639815265
2012-05-22 14:00:00,201.1760074876806
2012-05-22 15:00:00,266.88707989732166
2012-05-22 16:00:00,355.29066614871755
2012-05-22 17:00:00,795.2250101120511
2012-05-22 18:00:00,748.3930702361433
2012-05-22 19:00:00,519.1178008424096
2012-05-22 20:00:00,357.87637118018273
2012-05-22 21:00:00,225.75323283246863
2012-05-22 22:00:00,182.21440054904414
2012-05-22 23:00:00,103.28884010475146
2012-05-23 00:00:00,45.20481095354749
2012-05-23 01:00:00,18.57508921165337
2012-05-23 02:00:00,7.31268211661445
2012-05-23 03:00:00,6.0209432022870875
2012-05-23 04:00:00,5.487195448375879
2012-05-23 05:00:00,29.45058558724722
2012-05-23 06:00:00,151.175367886184
2012-05-23 07:00:00,412.19143711345924
2012-05-23 08:00:00,515.3121384614095
2012-05-23 09:00:00,320.700299075333
2012-05-23 10:00:00,188.4213508292721
2012-05-23 11:00:00,220.47948985680887
2012-05-23 12:00:00,287.5156374925058
2012-05-23 13:00:00,202.30730375642665
2012-05-23 14:00:00,244.13510887996074
2012-05-23 15:00:00,279.5775792326779
2012-05-23 16:00:00,292.0164107141958
2012-05-23 17:00:00,555.1011007863361
2012-05-23 18:00:00,566.5051110645112
2012-05-23 19:00:00,310.3109506768206
2012-05-23 20:00:00,239.34674279464264
2012-05-23 21:00:00,184.44887927185852
2012-05-23 22:00:00,164.75275065500165
2012-05-23 23:00:00,114.88106462406638
2012-05-24 00:00:00,64.65874550547069
2012-05-24 01:00:00,18.961894620719484
2012-05-24 02:00:00,10.541302650857451
2012-05-24 03:00:00,5.334467786683054
2012-05-24 04:00:00,4.978719938763854
2012-05-24 05:00:00,31.311756275007042
2012-05-24 06:00:00,149.82442317090403
2012-05-24 07:00:00,417.63469844774795
2012-05-24 08:00:00,674.0439677442909
2012-05-24 09:00:00,329.5305722414092
2012-05-24 10:00:00,189.27515033849994
2012-05-24 11:00:00,221.8880926236496
2012-05-24 12:00:00,299.2011628278516
2012-05-24 13:00:00,290.697730718547
2012-05-24 14:00:00,242.7085209178395
2012-05-24 15:00:00,275.863964301821
2012-05-24 16:00:00,361.2933978962288
2012-05-24 17:00:00,759.1405985083612
2012-05-24 18:00:00,754.9297611856289
2012-05-24 19:00:00,557.3250380219979
2012-05-24 20:00:00,352.48910361219504
2012-05-24 21:00:00,133.57681357604042
2012-05-24 22:00:00,163.03723379565747
2012-05-24 23:00:00,129.61132855228706
2012-05-25 00:00:00,69.9294170680404
2012-05-25 01:00:00,39.067620651021365
2012-05-25 02:00:00,12.258684455435418
2012-05-25 03:00:00,7.274533550750556
2012-05-25 04:00:00,6.83910329301026
2012-05-25 05:00:00,31.550361870257916
2012-05-25 06:00:00,150.0664246267993
2012-05-25 07:00:00,387.11033830630566
2012-05-25 08:00:00,532.3007018136207
2012-05-25 09:00:00,294.6576613600464
2012-05-25 10:00:00,222.7364959395913
2012-05-25 11:00:00,256.14465102232526
2012-05-25 12:00:00,336.3643178477208
2012-05-25 13:00:00,339.4738875849656
2012-05-25 14:00:00,339.2012700823471
2012-05-25 15:00:00,333.11146033061647
2012-05-25 16:00:00,432.59546487289197
2012-05-25 17:00:00,658.9945671427363
2012-05-25 18:00:00,692.723694232277
2012-05-25 19:00:00,512.7509381298418
2012-05-25 20:00:00,356.9540333003426
2012-05-25 21:00:00,262.1730754960482
2012-05-25 22:00:00,274.58542114679364
2012-05-25 23:00:00,188.16358347813315
2012-05-26 00:00:00,133.57179891129562
2012-05-26 01:00:00,115.69804048288621
2012-05-26 02:00:00,76.08938493424041
2012-05-26 03:00:00,27.359399751094802
2012-05-26 04:00:00,11.75537813023189
2012-05-26 05:00:00,12.519744030865965
2012-05-26 06:00:00,24.21245796105469
2012-05-26 07:00:00,67.7652100590354
2012-05-26 08:00:00,179.8536997786233
2012-05-26 09:00:00,259.24118382455134
2012-05-26 10:00:00,357.1077153077085
2012-05-26 11:00:00,424.57282750780587
2012-05-26 12:00:00,470.8518951446831
2012-05-26 13:00:00,472.0629783788147
2012-05-26 14:00:00,460.88139286415185
2012-05-26 15:00:00,456.9097665292716
2012-05-26 16:00:00,500.4132443786781
2012-05-26 17:00:00,538.1425562701116
2012-05-26 18:00:00,518.2606927378558
2012-05-26 19:00:00,387.8657889541417
2012-05-26 20:00:00,292.9950353466413
2012-05-26 21:00:00,247.4579393955644
2012-05-26 22:00:00,250.82845455234445
2012-05-26 23:00:00,194.29975952448024
2012-05-27 00:00:00,129.49122550307663
2012-05-27 01:00:00,113.50918871388971
2012-05-27 02:00:00,87.57950034167044
2012-05-27 03:00:00,30.240819975255455
2012-05-27 04:00:00,12.909915461989945
2012-05-27 05:00:00,13.026084412882925
2012-05-27 06:00:00,16.09192823835145
2012-05-27 07:00:00,63.02347025104909
2012-05-27 08:00:00,138.19069428945392
2012-05-27 09:00:00,237.4567952667197
2012-05-27 10:00:00,372.6100302011188
2012-05-27 11:00:00,430.94885031431613
2012-05-27 12:00:00,439.7686150117805
2012-05-27 13:00:00,509.83934922586116
2012-05-27 14:00:00,500.26013769593345
2012-05-27 15:00:00,496.28822228049967
2012-05-27 16:00:00,498.1570212638632
2012-05-27 17:00:00,504.8095026906692
2012-05-27 18:00:00,478.7595400874657
2012-05-27 19:00:00,373.8252834286742
2012-05-27 20:00:00,293.4161716235203
2012-05-27 21:00:00,172.6439760590494
2012-05-27 22:00:00,87.35777778072871
2012-05-27 23:00:00,70.45945988515969
2012-05-28 00:00:00,52.91626570976801
2012-05-28 01:00:00,50.51490642185617
2012-05-28 02:00:00,38.895081863441305
2012-05-28 03:00:00,13.5689135673912
2012-05-28 04:00:00,10.288980712228721
2012-05-28 05:00:00,16.49837947578822
2012-05-28 06:00:00,58.09185186673548
2012-05-28 07:00:00,122.69341126945184
2012-05-28 08:00:00,226.8107599311748
2012-05-28 09:00:00,300.3249594744189
2012-05-28 10:00:00,322.2595721279356
2012-05-28 11:00:00,308.15348130248634
2012-05-28 12:00:00,307.2222676898767
2012-05-28 13:00:00,319.56944958151325
2012-05-28 14:00:00,315.77379581815495
2012-05-28 15:00:00,308.504172653412
2012-05-28 16:00:00,399.3943351484662
2012-05-28 17:00:00,536.7613527380212
2012-05-28 18:00:00,509.0520714990505
2012-05-28 19:00:00,396.06770754868614
2012-05-28 20:00:00,353.053891637054
2012-05-28 21:00:00,265.4937322701215
2012-05-28 22:00:00,246.96647174410234
2012-05-28 23:00:00,118.12819818348817
2012-05-29 00:00:00,48.40374419874114
2012-05-29 01:00:00,16.755896239534962
2012-05-29 02:00:00,8.130871183926795
2012-05-29 03:00:00,4.8723437562095935
2012-05-29 04:00:00,6.833974435914659
2012-05-29 05:00:00,32.34468044209446
2012-05-29 06:00:00,162.7016641370386
2012-05-29 07:00:00,398.7274727549263
2012-05-29 08:00:00,655.4223268108017
2012-05-29 09:00:00,326.59968129110837
2012-05-29 10:00:00,180.88324604389442
2012-05-29 11:00:00,216.78800882362646
2012-05-29 12:00:00,264.60153428588893
2012-05-29 13:00:00,261.9472927424328
2012-05-29 14:00:00,246.40684153138173
2012-05-29 15:00:00,273.22924224722397
2012-05-29 16:00:00,362.22855601662843
2012-05-29 17:00:00,717.5198559459353
2012-05-29 18:00:00,719.6212731598696
2012-05-29 19:00:00,555.6499430117439
2012-05-29 20:00:00,336.45012852604447
2012-05-29 21:00:00,146.8539041707549
2012-05-29 22:00:00,135.43235305028904
2012-05-29 23:00:00,82.21471311376261
2012-05-30 00:00:00,34.633145176484945
2012-05-30 01:00:00,15.543177233457392
2012-05-30 02:00:00,6.080879224909754
2012-05-30 03:00:00,4.603651597820918
2012-05-30 04:00:00,5.191135953703189
2012-05-30 05:00:00,32.93235438497889
2012-05-30 06:00:00,157.5718165739215
2012-05-30 07:00:00,144.95837798809026
2012-05-30 08:00:00,662.4565450713017
2012-05-30 09:00:00,331.6399452885626
2012-05-30 10:00:00,179.43925892108643
2012-05-30 11:00:00,218.73671585337112
2012-05-30 12:00:00,304.2397679446759
2012-05-30 13:00:00,294.64760918429505
2012-05-30 14:00:00,256.5386692966293
2012-05-30 15:00:00,272.2571376417595
2012-05-30 16:00:00,373.71938328628875
2012-05-30 17:00:00,806.4112328275464
2012-05-30 18:00:00,818.35347598069
2012-05-30 19:00:00,536.5963593116122
2012-05-30 20:00:00,343.32940698012715
2012-05-30 21:00:00,277.12361211581805
2012-05-30 22:00:00,287.1569760424416
2012-05-30 23:00:00,140.6816078524331
2012-05-31 00:00:00,62.546792068006766
2012-05-31 01:00:00,22.66856001676653
2012-05-31 02:00:00,8.195510056685078
2012-05-31 03:00:00,6.3689137270021225
2012-05-31 04:00:00,7.26057719083375
2012-05-31 05:00:00,34.2585250649852
2012-05-31 06:00:00,161.1672037987027
2012-05-31 07:00:00,440.03613241584804
2012-05-31 08:00:00,667.1107045003941
2012-05-31 09:00:00,325.89855342934
2012-05-31 10:00:00,195.91292763054048
2012-05-31 11:00:00,245.70121381077047
2012-05-31 12:00:00,311.9988183714439
2012-05-31 13:00:00,297.5267217518701
2012-05-31 14:00:00,241.1837979868345
2012-05-31 15:00:00,277.95665523321674
2012-05-31 16:00:00,392.30966242105706
2012-05-31 17:00:00,823.1248727839218
2012-05-31 18:00:00,818.7336239302269
2012-05-31 19:00:00,540.0426682565475
2012-05-31 20:00:00,387.17220114068124
2012-05-31 21:00:00,277.54578298784725
2012-05-31 22:00:00,288.9392099928401
2012-05-31 23:00:00,173.40826983425688
2012-06-20 00:00:00,47.62304353958989
2012-06-20 01:00:00,21.039505630686456
2012-06-20 02:00:00,8.600275805617132
2012-06-20 03:00:00,6.749415274439024
2012-06-20 04:00:00,8.015590425606336
2012-06-20 05:00:00,39.52505737453266
2012-06-20 06:00:00,158.171205310256
2012-06-20 07:00:00,386.5663526556084
2012-06-20 08:00:00,629.5849835258853
2012-06-20 09:00:00,324.76210130733455
2012-06-20 10:00:00,184.96808554880627
2012-06-20 11:00:00,207.45308829406386
2012-06-20 12:00:00,258.7457924269608
2012-06-20 13:00:00,252.13700076520036
2012-06-20 14:00:00,226.10574345832654
2012-06-20 15:00:00,251.83814089419448
2012-06-20 16:00:00,385.78434340068026
2012-06-20 17:00:00,752.9842188646663
2012-06-20 18:00:00,739.1433890504944
2012-06-20 19:00:00,542.7442439777572
2012-06-20 20:00:00,439.7866260105402
2012-06-20 21:00:00,372.23577834769014
2012-06-20 22:00:00,303.8882421600375
2012-06-20 23:00:00,135.5353589364212
2012-06-21 00:00:00,62.90931083052979
2012-06-21 01:00:00,23.219981370582094
2012-06-21 02:00:00,9.43487395711487
2012-06-21 03:00:00,5.426100040263318
2012-06-21 04:00:00,7.32604844521836
2012-06-21 05:00:00,38.791790092081996
2012-06-21 06:00:00,160.27924576114185
2012-06-21 07:00:00,403.3398809096758
2012-06-21 08:00:00,675.1292904743332
2012-06-21 09:00:00,307.86278658595916
2012-06-21 10:00:00,176.2916506525184
2012-06-21 11:00:00,216.80930784528005
2012-06-21 12:00:00,264.1303072293426
2012-06-21 13:00:00,262.7919873379012
2012-06-21 14:00:00,227.85024568466542
2012-06-21 15:00:00,242.55545745494115
2012-06-21 16:00:00,391.4825805102603
2012-06-21 17:00:00,758.3291908855089
2012-06-21 18:00:00,775.7684123318899
2012-06-21 19:00:00,540.634737039686
2012-06-21 20:00:00,432.77077164735186
2012-06-21 21:00:00,338.00375447316264
2012-06-21 22:00:00,309.2518886723745
2012-06-21 23:00:00,149.54284580522582
2012-06-22 00:00:00,69.12465173752143
2012-06-22 01:00:00,40.074425941016024
2012-06-22 02:00:00,15.081055205786754
2012-06-22 03:00:00,6.661758782983092
2012-06-22 04:00:00,7.759305675650175
2012-06-22 05:00:00,36.38622873835563
2012-06-22 06:00:00,152.85043052669533
2012-06-22 07:00:00,393.7994149402466
2012-06-22 08:00:00,620.9851644677374
2012-06-22 09:00:00,355.43839848112196
2012-06-22 10:00:00,242.81957556624394
2012-06-22 11:00:00,285.61175417420884
2012-06-22 12:00:00,331.0686152150981
2012-06-22 13:00:00,339.73246030245645
2012-06-22 14:00:00,340.5042059621791
2012-06-22 15:00:00,309.3766129729192
2012-06-22 16:00:00,413.37567226165726
2012-06-22 17:00:00,784.7836377869768
2012-06-22 18:00:00,715.8645207052128
2012-06-22 19:00:00,527.2342226495152
2012-06-22 20:00:00,372.07728734878197
2012-06-22 21:00:00,199.96068414108507
2012-06-22 22:00:00,287.3685575298764
2012-06-22 23:00:00,186.5699477041037
2012-06-23 00:00:00,156.04634559809034
2012-06-23 01:00:00,116.19526888347289
2012-06-23 02:00:00,84.38505368611521
2012-06-23 03:00:00,27.591886990202205
2012-06-23 04:00:00,11.419621559408842
2012-06-23 05:00:00,11.057708846265477
2012-06-23 06:00:00,32.642618149040324
2012-06-23 07:00:00,63.74442316020473
2012-06-23 08:00:00,185.65316558199797
2012-06-23 09:00:00,291.31659998465676
2012-06-23 10:00:00,404.2328614934953
2012-06-23 11:00:00,496.1526594030285
2012-06-23 12:00:00,543.4852817244487
2012-06-23 13:00:00,567.9379580146222
2012-06-23 14:00:00,575.6234980583519
2012-06-23 15:00:00,536.1094848410186
2012-06-23 16:00:00,524.4208265760698
2012-06-23 17:00:00,549.4400108114005
2012-06-23 18:00:00,525.5960860918565
2012-06-23 19:00:00,419.96929752954793
2012-06-23 20:00:00,339.62199074055053
2012-06-23 21:00:00,308.49447067758604
2012-06-23 22:00:00,289.7126353278301
2012-06-23 23:00:00,203.1763381795928
2012-06-24 00:00:00,168.91158483136138
2012-06-24 01:00:00,123.80141283053581
2012-06-24 02:00:00,97.56771146737863
2012-06-24 03:00:00,30.48958882352014
2012-06-24 04:00:00,16.329132447162426
2012-06-24 05:00:00,14.782756360038244
2012-06-24 06:00:00,21.51407579050171
2012-06-24 07:00:00,57.40628860008847
2012-06-24 08:00:00,125.0398861286904
2012-06-24 09:00:00,248.5325242067539
2012-06-24 10:00:00,393.85428265179746
2012-06-24 11:00:00,500.08761467373364
2012-06-24 12:00:00,527.32961234552
2012-06-24 13:00:00,538.257268754739
2012-06-24 14:00:00,499.39488708574316
2012-06-24 15:00:00,490.31274931114666
2012-06-24 16:00:00,514.0377401140921
2012-06-24 17:00:00,528.4740313477386
2012-06-24 18:00:00,519.727562969909
2012-06-24 19:00:00,431.4069725698723
2012-06-24 20:00:00,324.7486801567521
2012-06-24 21:00:00,222.31463512639525
2012-06-24 22:00:00,131.96584389876332
2012-06-24 23:00:00,92.6410609620752
2012-06-25 00:00:00,44.217497108413376
2012-06-25 01:00:00,18.582934895771476
2012-06-25 02:00:00,9.21050678454764
2012-06-25 03:00:00,5.248679400893947
2012-06-25 04:00:00,8.419099812601672
2012-06-25 05:00:00,40.741285653127356
2012-06-25 06:00:00,152.36997737463147
2012-06-25 07:00:00,477.94782265866536
2012-06-25 08:00:00,656.6120735747472
2012-06-25 09:00:00,322.95660636785385
2012-06-25 10:00:00,175.3421867367506
2012-06-25 11:00:00,231.0662951439735
2012-06-25 12:00:00,264.10713044998903
2012-06-25 13:00:00,261.3810824998418
2012-06-25 14:00:00,246.23644330423897
2012-06-25 15:00:00,275.00710511294665
2012-06-25 16:00:00,378.9548041587514
2012-06-25 17:00:00,735.254863301393
2012-06-25 18:00:00,738.9915811625646
2012-06-25 19:00:00,581.5894498348858
2012-06-25 20:00:00,407.36855804731454
2012-06-25 21:00:00,291.22562184652526
2012-06-25 22:00:00,215.92812250678853
2012-06-25 23:00:00,120.13719896185722
2012-06-26 00:00:00,40.55947657442378
2012-06-26 01:00:00,17.200089024936293
2012-06-26 02:00:00,7.560845338790449
2012-06-26 03:00:00,4.58121137392841
2012-06-26 04:00:00,7.9548725154797335
2012-06-26 05:00:00,39.563665131922725
2012-06-26 06:00:00,161.42689843632067
2012-06-26 07:00:00,455.84275552685455
2012-06-26 08:00:00,648.8893017080886
2012-06-26 09:00:00,316.4083480180424
2012-06-26 10:00:00,193.82509541605518
2012-06-26 11:00:00,238.6598148443656
2012-06-26 12:00:00,272.4406495131654
2012-06-26 13:00:00,263.2469707827156
2012-06-26 14:00:00,245.7107554701481
2012-06-26 15:00:00,273.3961830770357
2012-06-26 16:00:00,382.885494077925
2012-06-26 17:00:00,745.729973561183
2012-06-26 18:00:00,734.5717929326545
2012-06-26 19:00:00,555.5506152484984
2012-06-26 20:00:00,415.2413674018753
2012-06-26 21:00:00,312.7971581687855
2012-06-26 22:00:00,224.54796808442794
2012-06-26 23:00:00,135.24966714362296
2012-06-27 00:00:00,42.31208516022887
2012-06-27 01:00:00,17.195823544628595
2012-06-27 02:00:00,8.160642370291296
2012-06-27 03:00:00,5.301588760836249
2012-06-27 04:00:00,7.573654340712784
2012-06-27 05:00:00,40.20624526835755
2012-06-27 06:00:00,158.69194977684532
2012-06-27 07:00:00,441.0854347587751
2012-06-27 08:00:00,656.1075174368054
2012-06-27 09:00:00,317.26366102192117
2012-06-27 10:00:00,197.73232188848246
2012-06-27 11:00:00,235.9965939878299
2012-06-27 12:00:00,290.07250671580914
2012-06-27 13:00:00,272.57409962515436
2012-06-27 14:00:00,256.3226205286799
2012-06-27 15:00:00,278.9757820063644
2012-06-27 16:00:00,379.5050683395904
2012-06-27 17:00:00,728.8221206760028
2012-06-27 18:00:00,725.1946604397599
2012-06-27 19:00:00,566.1194670829087
2012-06-27 20:00:00,439.8483150559921
2012-06-27 21:00:00,343.72407555197054
2012-06-27 22:00:00,293.3895386257935
2012-06-27 23:00:00,153.41666111949823
2012-06-28 00:00:00,53.67758253264507
2012-06-28 01:00:00,22.110792120779923
2012-06-28 02:00:00,8.595431422960703
2012-06-28 03:00:00,5.675331966408748
2012-06-28 04:00:00,7.924091359864084
2012-06-28 05:00:00,38.17426125678781
2012-06-28 06:00:00,152.22093646790788
2012-06-28 07:00:00,485.90397033395396
2012-06-28 08:00:00,650.3242478625646
2012-06-28 09:00:00,326.09291367108654
2012-06-28 10:00:00,196.2125271236352
2012-06-28 11:00:00,234.02786531479958
2012-06-28 12:00:00,289.4769038394897
2012-06-28 13:00:00,274.35854672801423
2012-06-28 14:00:00,249.3032922939466
2012-06-28 15:00:00,268.83651131188316
2012-06-28 16:00:00,396.4672366539607
2012-06-28 17:00:00,751.118435548851
2012-06-28 18:00:00,769.8157804240612
2012-06-28 19:00:00,553.3013386873049
2012-06-28 20:00:00,452.5634026349115
2012-06-28 21:00:00,327.9037901991948
2012-06-28 22:00:00,289.2786509238235
2012-06-28 23:00:00,174.27454491529122
2012-06-29 00:00:00,68.25717728973915
2012-06-29 01:00:00,38.9159878841236
2012-06-29 02:00:00,15.669971575621709
2012-06-29 03:00:00,6.345095748447812
2012-06-29 04:00:00,7.730943035025252
2012-06-29 05:00:00,36.607114663764726
2012-06-29 06:00:00,150.83651433061286
2012-06-29 07:00:00,401.0523647060661
2012-06-29 08:00:00,648.2994742981965
2012-06-29 09:00:00,358.23189183872216
2012-06-29 10:00:00,236.18483523566738
2012-06-29 11:00:00,282.1626091296841
2012-06-29 12:00:00,307.75996166599134
2012-06-29 13:00:00,305.080416509242
2012-06-29 14:00:00,302.69002104925255
2012-06-29 15:00:00,305.8588182963637
2012-06-29 16:00:00,406.8505083718512
2012-06-29 17:00:00,717.5669787435234
2012-06-29 18:00:00,679.7374818290647
2012-06-29 19:00:00,508.040703554741
2012-06-29 20:00:00,373.5034522811625
2012-06-29 21:00:00,376.29964866798724
2012-06-29 22:00:00,197.30062514178528
2012-06-29 23:00:00,131.88708426002492
2012-06-30 00:00:00,116.79387938953937
2012-06-30 01:00:00,119.34606815923536
2012-06-30 02:00:00,79.92080133655631
2012-06-30 03:00:00,28.084570118422807
2012-06-30 04:00:00,12.32207658944279
2012-06-30 05:00:00,11.645214757877115
2012-06-30 06:00:00,21.914779411661883
2012-06-30 07:00:00,63.6575058875965
2012-06-30 08:00:00,181.38482043918881
2012-06-30 09:00:00,256.774432199331
2012-06-30 10:00:00,356.085861431405
2012-06-30 11:00:00,484.2304268861685
2012-06-30 12:00:00,516.6461309685046
2012-06-30 13:00:00,523.1391040468213
2012-06-30 14:00:00,522.2013103449237
2012-06-30 15:00:00,516.7556083164743
2012-06-30 16:00:00,470.81414101342006
2012-06-30 17:00:00,490.91783435931904
2012-06-30 18:00:00,487.6073051672558
2012-06-30 19:00:00,401.47538141265693
2012-06-30 20:00:00,320.85594234702745
2012-06-30 21:00:00,298.81906246892436
2012-06-30 22:00:00,263.70955089349513
2012-06-30 23:00:00,198.8921841601738
2012-07-20 00:00:00,58.23431798398183
2012-07-20 01:00:00,35.43987815122364
2012-07-20 02:00:00,11.588203428432811
2012-07-20 03:00:00,6.570790612955241
2012-07-20 04:00:00,7.293503760586292
2012-07-20 05:00:00,37.88893198553074
2012-07-20 06:00:00,157.42504330246325
2012-07-20 07:00:00,384.0956101359893
2012-07-20 08:00:00,523.8985127348668
2012-07-20 09:00:00,333.0535129452531
2012-07-20 10:00:00,225.3236949687937
2012-07-20 11:00:00,259.40012498604705
2012-07-20 12:00:00,127.75375811661931
2012-07-20 13:00:00,132.25204151087058
2012-07-20 14:00:00,134.41020892863358
2012-07-20 15:00:00,300.5622660999592
2012-07-20 16:00:00,263.6671621002672
2012-07-20 17:00:00,310.38843943597647
2012-07-20 18:00:00,400.04485580987836
2012-07-20 19:00:00,296.429927941121
2012-07-20 20:00:00,193.33120187879666
2012-07-20 21:00:00,185.07744809039775
2012-07-20 22:00:00,180.55909291660728
2012-07-20 23:00:00,146.29926890953385
2012-07-21 00:00:00,112.07833785690354
2012-07-21 01:00:00,111.59028879310863
2012-07-21 02:00:00,60.80541765369362
2012-07-21 03:00:00,26.49097994595003
2012-07-21 04:00:00,10.644224639123818
2012-07-21 05:00:00,9.614047202155149
2012-07-21 06:00:00,21.17606259047384
2012-07-21 07:00:00,70.1515227844745
2012-07-21 08:00:00,192.7440081499184
2012-07-21 09:00:00,269.2104914274086
2012-07-21 10:00:00,147.7701630477927
2012-07-21 11:00:00,405.79705967547636
2012-07-21 12:00:00,154.5705595273909
2012-07-21 13:00:00,149.92060268292653
2012-07-21 14:00:00,379.9790166028966
2012-07-21 15:00:00,229.32495112530037
2012-07-21 16:00:00,221.24474549083985
2012-07-21 17:00:00,247.4305916163338
2012-07-21 18:00:00,290.45818747926603
2012-07-21 19:00:00,283.7821191341253
2012-07-21 20:00:00,176.22527659981253
2012-07-21 21:00:00,190.73171861682061
2012-07-21 22:00:00,156.29727787151478
2012-07-21 23:00:00,140.71878137004163
2012-07-22 00:00:00,128.61928265404322
2012-07-22 01:00:00,119.25941752475906
2012-07-22 02:00:00,78.36009670090536
2012-07-22 03:00:00,31.84192886914665
2012-07-22 04:00:00,14.16892787700944
2012-07-22 05:00:00,14.04246400813808
2012-07-22 06:00:00,18.420838792413758
2012-07-22 07:00:00,57.58597978641642
2012-07-22 08:00:00,134.14508349070857
2012-07-22 09:00:00,269.3418844468084
2012-07-22 10:00:00,394.157703310592
2012-07-22 11:00:00,398.52459971922923
2012-07-22 12:00:00,434.82923616406
2012-07-22 13:00:00,433.96904621219403
2012-07-22 14:00:00,428.59608767615407
2012-07-22 15:00:00,423.3464202631419
2012-07-22 16:00:00,434.8416377519974
2012-07-22 17:00:00,486.0474747497463
2012-07-22 18:00:00,454.213863032349
2012-07-22 19:00:00,365.60423731561485
2012-07-22 20:00:00,287.1094418522357
2012-07-22 21:00:00,206.38664318040549
2012-07-22 22:00:00,130.6774943449586
2012-07-22 23:00:00,88.0785047416141
2012-07-23 00:00:00,43.427083748619644
2012-07-23 01:00:00,15.444496522388423
2012-07-23 02:00:00,6.589746557498188
2012-07-23 03:00:00,6.920812529470704
2012-07-23 04:00:00,8.750712961548315
2012-07-23 05:00:00,38.263866312955734
2012-07-23 06:00:00,147.8044276312341
2012-07-23 07:00:00,340.47853521730997
2012-07-23 08:00:00,610.0060669949239
2012-07-23 09:00:00,323.1120149251954
2012-07-23 10:00:00,180.17716737219905
2012-07-23 11:00:00,228.12390955331958
2012-07-23 12:00:00,266.82643796851306
2012-07-23 13:00:00,261.53980630945443
2012-07-23 14:00:00,240.7035315103914
2012-07-23 15:00:00,268.25033235664824
2012-07-23 16:00:00,363.834802633419
2012-07-23 17:00:00,792.6719525907729
2012-07-23 18:00:00,784.57110559983
2012-07-23 19:00:00,556.9732809396694
2012-07-23 20:00:00,420.0067171138685
2012-07-23 21:00:00,297.97737338043885
2012-07-23 22:00:00,222.50979760407952
2012-07-23 23:00:00,130.10041793359485
2012-07-24 00:00:00,53.512854512305516
2012-07-24 01:00:00,18.03129077719045
2012-07-24 02:00:00,9.083264089975593
2012-07-24 03:00:00,6.031954604573708
2012-07-24 04:00:00,7.838120742870894
2012-07-24 05:00:00,40.62126154509137
2012-07-24 06:00:00,171.61394414788995
2012-07-24 07:00:00,494.9649418153392
2012-07-24 08:00:00,657.6713894020846
2012-07-24 09:00:00,302.0976554511228
2012-07-24 10:00:00,172.40626992106934
2012-07-24 11:00:00,205.14762532405453
2012-07-24 12:00:00,255.18505571132766
2012-07-24 13:00:00,243.63781966475935
2012-07-24 14:00:00,233.35943961729203
2012-07-24 15:00:00,273.0313770263972
2012-07-24 16:00:00,346.3789906362992
2012-07-24 17:00:00,725.6261623729326
2012-07-24 18:00:00,636.2673681957973
2012-07-24 19:00:00,546.263099173436
2012-07-24 20:00:00,419.8578682932191
2012-07-24 21:00:00,307.59271048408846
2012-07-24 22:00:00,235.7350644104333
2012-07-24 23:00:00,125.56873828393957
2012-07-25 00:00:00,46.00220394334565
2012-07-25 01:00:00,20.73248098224886
2012-07-25 02:00:00,7.16430898831198
2012-07-25 03:00:00,4.752539230397125
2012-07-25 04:00:00,7.49332388959399
2012-07-25 05:00:00,40.37444750182311
2012-07-25 06:00:00,166.42867312515557
2012-07-25 07:00:00,440.8022647079599
2012-07-25 08:00:00,641.6890972038891
2012-07-25 09:00:00,324.6845824737254
2012-07-25 10:00:00,199.28537887976137
2012-07-25 11:00:00,235.91714548306908
2012-07-25 12:00:00,299.443040796735
2012-07-25 13:00:00,278.3287587800125
2012-07-25 14:00:00,246.72537851260267
2012-07-25 15:00:00,265.7327280500598
2012-07-25 16:00:00,381.28350244191637
2012-07-25 17:00:00,793.0562843316933
2012-07-25 18:00:00,794.2525417050164
2012-07-25 19:00:00,563.1549664838311
2012-07-25 20:00:00,429.7170891679226
2012-07-25 21:00:00,341.6214659702471
2012-07-25 22:00:00,284.5135750019458
2012-07-25 23:00:00,138.2892960745168
2012-07-26 00:00:00,62.598598451811746
2012-07-26 01:00:00,22.39397453573901
2012-07-26 02:00:00,7.876423903657013
2012-07-26 03:00:00,5.537727358582918
2012-07-26 04:00:00,7.076544003741386
2012-07-26 05:00:00,39.73064620612941
2012-07-26 06:00:00,164.7457752377746
2012-07-26 07:00:00,493.0283317449966
2012-07-26 08:00:00,667.9901766035271
2012-07-26 09:00:00,328.8419866943279
2012-07-26 10:00:00,194.6126120687943
2012-07-26 11:00:00,209.07829398076447
2012-07-26 12:00:00,262.650629657587
2012-07-26 13:00:00,248.26582171577246
2012-07-26 14:00:00,199.5043649065269
2012-07-26 15:00:00,204.37455346889917
2012-07-26 16:00:00,380.28706436519707
2012-07-26 17:00:00,696.9167230689578
2012-07-26 18:00:00,689.4084426993356
2012-07-26 19:00:00,545.5188660537016
2012-07-26 20:00:00,446.7582093259258
2012-07-26 21:00:00,347.2164753984778
2012-07-26 22:00:00,276.70707022571025
2012-07-26 23:00:00,160.01703241092028
2012-07-27 00:00:00,76.06176954145145
2012-07-27 01:00:00,40.12054374931847
2012-07-27 02:00:00,16.266201618393815
2012-07-27 03:00:00,6.705683603987303
2012-07-27 04:00:00,7.893054259160763
2012-07-27 05:00:00,38.012078208305574
2012-07-27 06:00:00,157.77089270818746
2012-07-27 07:00:00,414.9255587035881
2012-07-27 08:00:00,641.6398631141681
2012-07-27 09:00:00,351.3684951032294
2012-07-27 10:00:00,243.4475426116212
2012-07-27 11:00:00,285.90956043847825
2012-07-27 12:00:00,325.79498130683334
2012-07-27 13:00:00,330.12902953817513
2012-07-27 14:00:00,327.1291193810477
2012-07-27 15:00:00,343.47731075970034
2012-07-27 16:00:00,418.0642863099016
2012-07-27 17:00:00,708.0266056702812
2012-07-27 18:00:00,739.7045886293596
2012-07-27 19:00:00,509.4644734943132
2012-07-27 20:00:00,367.2451912224348
2012-07-27 21:00:00,303.7390256999314
2012-07-27 22:00:00,284.18296387140254
2012-07-27 23:00:00,196.04863092115016
2012-07-28 00:00:00,159.2968431286858
2012-07-28 01:00:00,114.06917659848416
2012-07-28 02:00:00,89.76639260414699
2012-07-28 03:00:00,30.18385110263142
2012-07-28 04:00:00,12.162685267914217
2012-07-28 05:00:00,13.819252160966228
2012-07-28 06:00:00,34.31387722267941
2012-07-28 07:00:00,68.0092045928166
2012-07-28 08:00:00,184.34627327827434
2012-07-28 09:00:00,276.8305912302413
2012-07-28 10:00:00,387.2638242331664
2012-07-28 11:00:00,500.2922670543358
2012-07-28 12:00:00,533.6297388565814
2012-07-28 13:00:00,543.0300958906475
2012-07-28 14:00:00,532.7638951659969
2012-07-28 15:00:00,514.8346450216725
2012-07-28 16:00:00,503.3683040782633
2012-07-28 17:00:00,497.0996972714081
2012-07-28 18:00:00,500.760732880012
2012-07-28 19:00:00,336.63661500926656
2012-07-28 20:00:00,238.71015270076745
2012-07-28 21:00:00,248.64526798127392
2012-07-28 22:00:00,232.21100918168148
2012-07-28 23:00:00,191.70327608865497
2012-07-29 00:00:00,139.5810211973727
2012-07-29 01:00:00,124.65348273854376
2012-07-29 02:00:00,92.3119267114102
2012-07-29 03:00:00,32.10487488638749
2012-07-29 04:00:00,15.03102140639021
2012-07-29 05:00:00,13.02689753674672
2012-07-29 06:00:00,22.429868089670325
2012-07-29 07:00:00,58.688879625107724
2012-07-29 08:00:00,128.13266900753183
2012-07-29 09:00:00,257.33244153535696
2012-07-29 10:00:00,401.44322634566123
2012-07-29 11:00:00,465.30819654433856
2012-07-29 12:00:00,500.9293792632432
2012-07-29 13:00:00,508.84498330273374
2012-07-29 14:00:00,508.54212216903113
2012-07-29 15:00:00,510.3776536779224
2012-07-29 16:00:00,492.5739813300088
2012-07-29 17:00:00,493.5572774432454
2012-07-29 18:00:00,504.8586245926594
2012-07-29 19:00:00,377.39519370694984
2012-07-29 20:00:00,294.90695053888476
2012-07-29 21:00:00,207.5767807942872
2012-07-29 22:00:00,126.01266262564982
2012-07-29 23:00:00,87.76004512799638
2012-07-30 00:00:00,53.20012409643945
2012-07-30 01:00:00,15.780841574015557
2012-07-30 02:00:00,10.550072357930935
2012-07-30 03:00:00,6.641541544177556
2012-07-30 04:00:00,9.386597941989264
2012-07-30 05:00:00,42.11670836743831
2012-07-30 06:00:00,148.39630255052066
2012-07-30 07:00:00,417.72736757452134
2012-07-30 08:00:00,653.7627146679574
2012-07-30 09:00:00,324.5358740837917
2012-07-30 10:00:00,180.34882919276063
2012-07-30 11:00:00,225.11450164345342
2012-07-30 12:00:00,270.9905470101126
2012-07-30 13:00:00,264.4037172425523
2012-07-30 14:00:00,245.22035538970337
2012-07-30 15:00:00,274.33009700756975
2012-07-30 16:00:00,358.1057171157651
2012-07-30 17:00:00,707.8715884198637
2012-07-30 18:00:00,704.4110088396316
2012-07-30 19:00:00,556.42723334295
2012-07-30 20:00:00,389.1665957611283
2012-07-30 21:00:00,278.7520783426347
2012-07-30 22:00:00,199.95801115525222
2012-07-30 23:00:00,124.26679844086836
2012-07-31 00:00:00,47.191658170478796
2012-07-31 01:00:00,17.18101002075018
2012-07-31 02:00:00,8.250496016888155
2012-07-31 03:00:00,6.816939812054178
2012-07-31 04:00:00,7.838120742870894
2012-07-31 05:00:00,40.44354689401283
2012-07-31 06:00:00,166.75137685456667
2012-07-31 07:00:00,333.94406667168823
2012-07-31 08:00:00,622.7941092319498
2012-07-31 09:00:00,327.73030194960984
2012-07-31 10:00:00,192.65520314389136
2012-07-31 11:00:00,225.418084187603
2012-07-31 12:00:00,278.4767875574302
2012-07-31 13:00:00,256.74256158852273
2012-07-31 14:00:00,243.6911422336186
2012-07-31 15:00:00,262.00634499534453
2012-07-31 16:00:00,349.34233767727136
2012-07-31 17:00:00,811.3225040019807
2012-07-31 18:00:00,723.9788431107619
2012-07-31 19:00:00,504.63136355021584
2012-07-31 20:00:00,366.29251888118057
2012-07-31 21:00:00,265.76647085920473
2012-07-31 22:00:00,220.27648495509456
2012-07-31 23:00:00,130.73997154206256
2012-08-20 00:00:00,37.15344809669505
2012-08-20 01:00:00,14.790616425914928
2012-08-20 02:00:00,7.174709588622367
2012-08-20 03:00:00,6.609229213327733
2012-08-20 04:00:00,9.05824017321765
2012-08-20 05:00:00,39.34176805063202
2012-08-20 06:00:00,151.81190356271003
2012-08-20 07:00:00,456.86415179154756
2012-08-20 08:00:00,685.8547807036266
2012-08-20 09:00:00,332.1786816456262
2012-08-20 10:00:00,201.73615325488183
2012-08-20 11:00:00,226.4862904744785
2012-08-20 12:00:00,291.8468962936302
2012-08-20 13:00:00,283.76337643707654
2012-08-20 14:00:00,260.0239344119272
2012-08-20 15:00:00,281.4602510436994
2012-08-20 16:00:00,439.2411058447316
2012-08-20 17:00:00,839.3357247403544
2012-08-20 18:00:00,474.048907826123
2012-08-20 19:00:00,418.19924714284457
2012-08-20 20:00:00,280.40097214200244
2012-08-20 21:00:00,218.63231395485897
2012-08-20 22:00:00,129.75235792193965
2012-08-20 23:00:00,93.21435825058653
2012-08-21 00:00:00,35.85089315112753
2012-08-21 01:00:00,15.231096737987162
2012-08-21 02:00:00,4.8970179742659425
2012-08-21 03:00:00,6.323074675890294
2012-08-21 04:00:00,7.172689489454941
2012-08-21 05:00:00,38.22899375746261
2012-08-21 06:00:00,170.36007010439712
2012-08-21 07:00:00,474.46072307526555
2012-08-21 08:00:00,678.8687484966151
2012-08-21 09:00:00,334.8775101918248
2012-08-21 10:00:00,199.56132020178404
2012-08-21 11:00:00,237.61941187035603
2012-08-21 12:00:00,289.2397040183985
2012-08-21 13:00:00,286.780573164056
2012-08-21 14:00:00,255.88437026549974
2012-08-21 15:00:00,280.1570613720301
2012-08-21 16:00:00,454.19730896199275
2012-08-21 17:00:00,834.5893602473419
2012-08-21 18:00:00,847.8425767448962
2012-08-21 19:00:00,449.65939690502216
2012-08-21 20:00:00,380.5007974892446
2012-08-21 21:00:00,285.61181224373047
2012-08-21 22:00:00,152.5112305956681
2012-08-21 23:00:00,113.49599556749911
2012-08-22 00:00:00,44.67330472945766
2012-08-22 01:00:00,18.81398965915577
2012-08-22 02:00:00,7.424366996327507
2012-08-22 03:00:00,6.822547350908879
2012-08-22 04:00:00,7.421417028706379
2012-08-22 05:00:00,39.66397308883573
2012-08-22 06:00:00,171.51699398073706
2012-08-22 07:00:00,478.2164163252288
2012-08-22 08:00:00,705.7499053307603
2012-08-22 09:00:00,340.2037183019094
2012-08-22 10:00:00,201.14360070290593
2012-08-22 11:00:00,233.83558090633832
2012-08-22 12:00:00,294.9859152223897
2012-08-22 13:00:00,286.7784141779512
2012-08-22 14:00:00,252.2776538276961
2012-08-22 15:00:00,279.14434739385143
2012-08-22 16:00:00,390.7760762582768
2012-08-22 17:00:00,736.6028664717862
2012-08-22 18:00:00,726.0110819577524
2012-08-22 19:00:00,508.4831013441888
2012-08-22 20:00:00,395.3302349058298
2012-08-22 21:00:00,299.22152793278946
2012-08-22 22:00:00,267.4815231023931
2012-08-22 23:00:00,129.08438767976932
2012-08-23 00:00:00,68.0914865032222
2012-08-23 01:00:00,20.67247702475787
2012-08-23 02:00:00,10.70513270506871
2012-08-23 03:00:00,6.487370247732817
2012-08-23 04:00:00,7.1991476181146545
2012-08-23 05:00:00,39.93610689980692
2012-08-23 06:00:00,162.3075962311704
2012-08-23 07:00:00,425.8552529949257
2012-08-23 08:00:00,698.8074398249811
2012-08-23 09:00:00,338.33795808491635
2012-08-23 10:00:00,201.83306921659013
2012-08-23 11:00:00,241.90720305813028
2012-08-23 12:00:00,303.76091884397545
2012-08-23 13:00:00,284.02450731547367
2012-08-23 14:00:00,249.32162502786417
2012-08-23 15:00:00,274.42733709011566
2012-08-23 16:00:00,432.8064607656984
2012-08-23 17:00:00,832.4223008148091
2012-08-23 18:00:00,827.023858044803
2012-08-23 19:00:00,585.2528546242397
2012-08-23 20:00:00,419.11140917221735
2012-08-23 21:00:00,323.075009240271
2012-08-23 22:00:00,261.3898487384189
2012-08-23 23:00:00,169.77854028075373
2012-08-24 00:00:00,69.3561752736638
2012-08-24 01:00:00,35.43891573550341
2012-08-24 02:00:00,16.834689956776355
2012-08-24 03:00:00,7.257020963356057
2012-08-24 04:00:00,7.698279319853137
2012-08-24 05:00:00,38.182597024503494
2012-08-24 06:00:00,154.16282525320622
2012-08-24 07:00:00,386.16316935289274
2012-08-24 08:00:00,630.9415209797116
2012-08-24 09:00:00,375.1264211438898
2012-08-24 10:00:00,259.8620947207006
2012-08-24 11:00:00,292.841475429181
2012-08-24 12:00:00,359.8218495048563
2012-08-24 13:00:00,358.8029793918788
2012-08-24 14:00:00,361.7267931351189
2012-08-24 15:00:00,358.0751411856302
2012-08-24 16:00:00,488.1533678187201
2012-08-24 17:00:00,816.9829883579309
2012-08-24 18:00:00,744.6794619327906
2012-08-24 19:00:00,523.4408804501103
2012-08-24 20:00:00,376.3716365205173
2012-08-24 21:00:00,291.10636037002183
2012-08-24 22:00:00,254.1631574584112
2012-08-24 23:00:00,198.93459105495236
2012-08-25 00:00:00,157.66918468446113
2012-08-25 01:00:00,119.44407277646404
2012-08-25 02:00:00,95.97682442076307
2012-08-25 03:00:00,33.35764722711858
2012-08-25 04:00:00,14.457961180175273
2012-08-25 05:00:00,10.975545032077365
2012-08-25 06:00:00,30.468055974499396
2012-08-25 07:00:00,58.83897959967536
2012-08-25 08:00:00,178.48131347828303
2012-08-25 09:00:00,296.05886935448274
2012-08-25 10:00:00,445.34759888184385
2012-08-25 11:00:00,453.2871853239493
2012-08-25 12:00:00,310.09505204018694
2012-08-25 13:00:00,528.4032252456611
2012-08-25 14:00:00,228.60602750504594
2012-08-25 15:00:00,357.94092834042306
2012-08-25 16:00:00,451.70292866236974
2012-08-25 17:00:00,442.25458835640626
2012-08-25 18:00:00,465.01864747572023
2012-08-25 19:00:00,341.9582553392171
2012-08-25 20:00:00,167.44453908793852
2012-08-25 21:00:00,225.62790885354718
2012-08-25 22:00:00,183.87652441855886
2012-08-25 23:00:00,144.87369992677682
2012-08-26 00:00:00,135.47076836223576
2012-08-26 01:00:00,127.65021699557249
2012-08-26 02:00:00,86.27880769195406
2012-08-26 03:00:00,36.51865264613336
2012-08-26 04:00:00,13.653121014535332
2012-08-26 05:00:00,12.232524547826968
2012-08-26 06:00:00,11.938865053629131
2012-08-26 07:00:00,59.6874897434351
2012-08-26 08:00:00,133.13459205526237
2012-08-26 09:00:00,249.9127667578449
2012-08-26 10:00:00,413.6121770406088
2012-08-26 11:00:00,425.801845325534
2012-08-26 12:00:00,271.1585196405973
2012-08-26 13:00:00,178.70764945236576
2012-08-26 14:00:00,357.66306069721117
2012-08-26 15:00:00,197.83442979884194
2012-08-26 16:00:00,215.8115139721028
2012-08-26 17:00:00,265.7078006982325
2012-08-26 18:00:00,301.35326013478874
2012-08-26 19:00:00,264.07117349789706
2012-08-26 20:00:00,185.52719408110522
2012-08-26 21:00:00,174.74182722627026
2012-08-26 22:00:00,107.86420516572133
2012-08-26 23:00:00,80.61452259637902
2012-08-27 00:00:00,44.29513066858519
2012-08-27 01:00:00,12.827361034560054
2012-08-27 02:00:00,7.0502692617822795
2012-08-27 03:00:00,6.744314576936807
2012-08-27 04:00:00,9.262764744156891
2012-08-27 05:00:00,38.05346727815029
2012-08-27 06:00:00,150.24642289306394
2012-08-27 07:00:00,307.12301881390607
2012-08-27 08:00:00,567.5924531693656
2012-08-27 09:00:00,316.55611676743825
2012-08-27 10:00:00,187.21375485356566
2012-08-27 11:00:00,220.58732321209115
2012-08-27 12:00:00,283.7887536191191
2012-08-27 13:00:00,272.9072340240502
2012-08-27 14:00:00,255.0944964698109
2012-08-27 15:00:00,271.44728879914993
2012-08-27 16:00:00,427.79362937535745
2012-08-27 17:00:00,829.5702299223527
2012-08-27 18:00:00,832.4396737882739
2012-08-27 19:00:00,581.6813070918492
2012-08-27 20:00:00,406.4320372902941
2012-08-27 21:00:00,284.5635998575182
2012-08-27 22:00:00,199.44117074440382
2012-08-27 23:00:00,118.66410677567376
2012-08-28 00:00:00,43.4228003820117
2012-08-28 01:00:00,16.894326341167385
2012-08-28 02:00:00,8.708408397083836
2012-08-28 03:00:00,6.181257832687207
2012-08-28 04:00:00,7.7773468066744655
2012-08-28 05:00:00,39.685641285313
2012-08-28 06:00:00,168.52576519979974
2012-08-28 07:00:00,323.42819690352553
2012-08-28 08:00:00,577.7211237261529
2012-08-28 09:00:00,324.7233681840603
2012-08-28 10:00:00,195.66920117874142
2012-08-28 11:00:00,234.17972819773695
2012-08-28 12:00:00,278.8809517510151
2012-08-28 13:00:00,275.6172108142706
2012-08-28 14:00:00,253.9156681784575
2012-08-28 15:00:00,274.49448149476245
2012-08-28 16:00:00,444.8378422221876
2012-08-28 17:00:00,814.3634019204677
2012-08-28 18:00:00,843.0326950153217
2012-08-28 19:00:00,575.1261362563197
2012-08-28 20:00:00,408.44741755822446
2012-08-28 21:00:00,316.08847664439736
2012-08-28 22:00:00,234.40837659415018
2012-08-28 23:00:00,144.46358900497154
2012-08-29 00:00:00,47.97555629519462
2012-08-29 01:00:00,19.344221780810695
2012-08-29 02:00:00,9.05002932360234
2012-08-29 03:00:00,6.3863837520091815
2012-08-29 04:00:00,7.414524629228817
2012-08-29 05:00:00,39.463524874178276
2012-08-29 06:00:00,171.04610027902027
2012-08-29 07:00:00,451.89567434965636
2012-08-29 08:00:00,702.1837261637015
2012-08-29 09:00:00,348.6664974221807
2012-08-29 10:00:00,198.81382959122843
2012-08-29 11:00:00,241.48514172210116
2012-08-29 12:00:00,301.82057913483175
2012-08-29 13:00:00,294.2356696034356
2012-08-29 14:00:00,250.6626491392637
2012-08-29 15:00:00,277.62733069769183
2012-08-29 16:00:00,450.3470606426269
2012-08-29 17:00:00,864.2464656355232
2012-08-29 18:00:00,843.2571809109835
2012-08-29 19:00:00,585.4776128300615
2012-08-29 20:00:00,409.80932174836573
2012-08-29 21:00:00,317.3846706541299
2012-08-29 22:00:00,277.74766267919887
2012-08-29 23:00:00,146.1846156309021
2012-08-30 00:00:00,66.80481399340755
2012-08-30 01:00:00,22.715382742648316
2012-08-30 02:00:00,10.318702114829927
2012-08-30 03:00:00,6.061430470390694
2012-08-30 04:00:00,7.359160486700045
2012-08-30 05:00:00,39.752963749657354
2012-08-30 06:00:00,163.99311937817401
2012-08-30 07:00:00,474.2266780334092
2012-08-30 08:00:00,705.5689700185276
2012-08-30 09:00:00,337.74827568898746
2012-08-30 10:00:00,196.9893175497169
2012-08-30 11:00:00,245.65749226673256
2012-08-30 12:00:00,300.17556238473384
2012-08-30 13:00:00,287.2918755767413
2012-08-30 14:00:00,251.0696580874505
2012-08-30 15:00:00,275.6825885823139
2012-08-30 16:00:00,430.5099407069296
2012-08-30 17:00:00,860.6272626224538
2012-08-30 18:00:00,835.3748272653944
2012-08-30 19:00:00,589.5594252718075
2012-08-30 20:00:00,451.3717946421886
2012-08-30 21:00:00,328.28606841745193
2012-08-30 22:00:00,272.69775883319625
2012-08-30 23:00:00,163.0596626372461
2012-08-31 00:00:00,69.83663692320997
2012-08-31 01:00:00,38.29122943487153
2012-08-31 02:00:00,13.098769792443976
2012-08-31 03:00:00,7.341550702159763
2012-08-31 04:00:00,8.359103088265375
2012-08-31 05:00:00,38.03774353905263
2012-08-31 06:00:00,158.58459143451086
2012-08-31 07:00:00,363.5617166046553
2012-08-31 08:00:00,633.3122304815905
2012-08-31 09:00:00,364.01441647716405
2012-08-31 10:00:00,241.46878028904496
2012-08-31 11:00:00,282.52817217328214
2012-08-31 12:00:00,340.64567685646557
2012-08-31 13:00:00,340.0180365487237
2012-08-31 14:00:00,309.72191247397075
2012-08-31 15:00:00,311.08813394979535
2012-08-31 16:00:00,485.4974520300739
2012-08-31 17:00:00,794.2666925991585
2012-08-31 18:00:00,778.311422817952
2012-08-31 19:00:00,529.0810408357786
2012-08-31 20:00:00,378.67161522120574
2012-08-31 21:00:00,299.05198243772963
2012-08-31 22:00:00,267.3256496763529
2012-08-31 23:00:00,204.21399880521648
2012-09-20 00:00:00,52.47571974043555
2012-09-20 01:00:00,17.757824968412493
2012-09-20 02:00:00,10.942405117386292
2012-09-20 03:00:00,6.31748739359917
2012-09-20 04:00:00,6.991725783778455
2012-09-20 05:00:00,41.967319584007356
2012-09-20 06:00:00,179.83978258905205
2012-09-20 07:00:00,486.1809412767694
2012-09-20 08:00:00,778.9792467729256
2012-09-20 09:00:00,343.0659255426581
2012-09-20 10:00:00,199.3925151326193
2012-09-20 11:00:00,249.46184095513638
2012-09-20 12:00:00,321.9125939741777
2012-09-20 13:00:00,311.172109562743
2012-09-20 14:00:00,310.2624111871873
2012-09-20 15:00:00,332.2474782312705
2012-09-20 16:00:00,451.2489345788651
2012-09-20 17:00:00,858.7617286871626
2012-09-20 18:00:00,846.7291653505856
2012-09-20 19:00:00,550.1555340726767
2012-09-20 20:00:00,411.6023073792311
2012-09-20 21:00:00,296.38570039940896
2012-09-20 22:00:00,231.6596815206349
2012-09-20 23:00:00,144.49867157585186
2012-09-21 00:00:00,71.78694682807242
2012-09-21 01:00:00,34.44772947221542
2012-09-21 02:00:00,17.484156799972006
2012-09-21 03:00:00,8.176411030977604
2012-09-21 04:00:00,9.549829628520783
2012-09-21 05:00:00,42.84920031074481
2012-09-21 06:00:00,168.02994810228046
2012-09-21 07:00:00,437.58237112788817
2012-09-21 08:00:00,687.2685266054326
2012-09-21 09:00:00,358.13934244803494
2012-09-21 10:00:00,239.6703280696632
2012-09-21 11:00:00,284.2769473275579
2012-09-21 12:00:00,371.95174624302217
2012-09-21 13:00:00,395.8478535493457
2012-09-21 14:00:00,387.4838983724056
2012-09-21 15:00:00,393.10316380416265
2012-09-21 16:00:00,505.4370846294631
2012-09-21 17:00:00,832.6378831176568
2012-09-21 18:00:00,761.7556982492207
2012-09-21 19:00:00,544.1210897034337
2012-09-21 20:00:00,370.41713816461856
2012-09-21 21:00:00,271.9150797581241
2012-09-21 22:00:00,239.00462509970933
2012-09-21 23:00:00,166.00486496860168
2012-09-22 00:00:00,140.14845254242195
2012-09-22 01:00:00,110.72616162728487
2012-09-22 02:00:00,73.33747699806653
2012-09-22 03:00:00,28.170274935910992
2012-09-22 04:00:00,12.4350362968749
2012-09-22 05:00:00,13.428482365575585
2012-09-22 06:00:00,27.94379760900055
2012-09-22 07:00:00,69.53179358616363
2012-09-22 08:00:00,190.6139069887093
2012-09-22 09:00:00,321.5089867830671
2012-09-22 10:00:00,452.02561688288813
2012-09-22 11:00:00,551.9429265291856
2012-09-22 12:00:00,589.5568899450353
2012-09-22 13:00:00,587.0294173748179
2012-09-22 14:00:00,583.2255640865117
2012-09-22 15:00:00,568.8827697774184
2012-09-22 16:00:00,548.7082079702786
2012-09-22 17:00:00,536.4587055067948
2012-09-22 18:00:00,495.9319890643677
2012-09-22 19:00:00,416.53280460126194
2012-09-22 20:00:00,317.8257470428895
2012-09-22 21:00:00,281.7339178074549
2012-09-22 22:00:00,262.34765762615865
2012-09-22 23:00:00,200.4200836099191
2012-09-23 00:00:00,149.28521467757398
2012-09-23 01:00:00,107.63734697668048
2012-09-23 02:00:00,75.61130750837772
2012-09-23 03:00:00,34.677491962106906
2012-09-23 04:00:00,12.998968642554813
2012-09-23 05:00:00,14.415581654409625
2012-09-23 06:00:00,17.716247085824616
2012-09-23 07:00:00,57.42810813726117
2012-09-23 08:00:00,120.10007133619098
2012-09-23 09:00:00,250.62506296604593
2012-09-23 10:00:00,386.6335086757264
2012-09-23 11:00:00,524.8500794399865
2012-09-23 12:00:00,602.707490622012
2012-09-23 13:00:00,660.188641486042
2012-09-23 14:00:00,631.1487034640992
2012-09-23 15:00:00,626.4299863790534
2012-09-23 16:00:00,635.4992555074739
2012-09-23 17:00:00,563.2648876793199
2012-09-23 18:00:00,515.637498868025
2012-09-23 19:00:00,373.95438144981154
2012-09-23 20:00:00,251.3375622033101
2012-09-23 21:00:00,160.74254930208608
2012-09-23 22:00:00,119.70059666074167
2012-09-23 23:00:00,66.88729776434172
2012-09-24 00:00:00,42.36499802323231
2012-09-24 01:00:00,14.202179461951392
2012-09-24 02:00:00,7.380021033527827
2012-09-24 03:00:00,4.526566531601081
2012-09-24 04:00:00,8.527854706213677
2012-09-24 05:00:00,43.69781021647551
2012-09-24 06:00:00,158.2899552427539
2012-09-24 07:00:00,470.504993494849
2012-09-24 08:00:00,759.5749947671329
2012-09-24 09:00:00,346.13864002579925
2012-09-24 10:00:00,191.95977794550657
2012-09-24 11:00:00,245.7967619322404
2012-09-24 12:00:00,317.59812350574856
2012-09-24 13:00:00,315.12466646430863
2012-09-24 14:00:00,308.8716824199381
2012-09-24 15:00:00,316.7493379264371
2012-09-24 16:00:00,444.85518017782334
2012-09-24 17:00:00,865.4385565156701
2012-09-24 18:00:00,842.2625879150661
2012-09-24 19:00:00,485.8916760831641
2012-09-24 20:00:00,359.40412825382134
2012-09-24 21:00:00,263.07347088288
2012-09-24 22:00:00,144.33301223485424
2012-09-24 23:00:00,97.86622530368402
2012-09-25 00:00:00,41.89201819927555
2012-09-25 01:00:00,13.96874595030936
2012-09-25 02:00:00,7.466254716531116
2012-09-25 03:00:00,4.831095075430943
2012-09-25 04:00:00,7.360118970369859
2012-09-25 05:00:00,42.138559844079026
2012-09-25 06:00:00,177.39999600267228
2012-09-25 07:00:00,456.0830820478176
2012-09-25 08:00:00,769.7451670455517
2012-09-25 09:00:00,348.623313465746
2012-09-25 10:00:00,195.08182812234173
2012-09-25 11:00:00,240.9951409064848
2012-09-25 12:00:00,315.85083297694354
2012-09-25 13:00:00,315.42520290337904
2012-09-25 14:00:00,310.40298461071717
2012-09-25 15:00:00,323.5308343523455
2012-09-25 16:00:00,453.3724343009938
2012-09-25 17:00:00,884.1327851985812
2012-09-25 18:00:00,876.6542055537063
2012-09-25 19:00:00,561.6760957937431
2012-09-25 20:00:00,413.49396902788027
2012-09-25 21:00:00,273.28798413109183
2012-09-25 22:00:00,211.92874672023413
2012-09-25 23:00:00,116.17244590654698
2012-09-26 00:00:00,41.694114041385106
2012-09-26 01:00:00,18.961031468028164
2012-09-26 02:00:00,5.166860120346654
2012-09-26 03:00:00,4.9515097607950285
2012-09-26 04:00:00,7.42313984194651
2012-09-26 05:00:00,40.30587365772295
2012-09-26 06:00:00,175.79962129870827
2012-09-26 07:00:00,523.0212404765118
2012-09-26 08:00:00,757.5083394973005
2012-09-26 09:00:00,352.9958643196421
2012-09-26 10:00:00,189.3139397986106
2012-09-26 11:00:00,222.0601585253933
2012-09-26 12:00:00,340.15444391126
2012-09-26 13:00:00,326.92116284661796
2012-09-26 14:00:00,291.81530688210563
2012-09-26 15:00:00,305.82104717189884
2012-09-26 16:00:00,447.97044177097155
2012-09-26 17:00:00,818.6428404902204
2012-09-26 18:00:00,836.6612693903107
2012-09-26 19:00:00,578.1361791832742
2012-09-26 20:00:00,414.35036489628754
2012-09-26 21:00:00,312.3542728891382
2012-09-26 22:00:00,182.4084210630667
2012-09-26 23:00:00,106.8300435295828
2012-09-27 00:00:00,65.8765848614066
2012-09-27 01:00:00,23.42229893590337
2012-09-27 02:00:00,11.773874258243115
2012-09-27 03:00:00,7.124939185636535
2012-09-27 04:00:00,6.787991037114768
2012-09-27 05:00:00,40.90564168202201
2012-09-27 06:00:00,164.91675774395557
2012-09-27 07:00:00,500.39120289453797
2012-09-27 08:00:00,742.1578530362342
2012-09-27 09:00:00,343.83931616801675
2012-09-27 10:00:00,199.14941580651592
2012-09-27 11:00:00,243.89551364461977
2012-09-27 12:00:00,323.96670805575224
2012-09-27 13:00:00,309.115769040911
2012-09-27 14:00:00,296.47748966976053
2012-09-27 15:00:00,312.3959951245414
2012-09-27 16:00:00,454.05531141066183
2012-09-27 17:00:00,716.637725110784
2012-09-27 18:00:00,747.1693841277837
2012-09-27 19:00:00,588.1746007205622
2012-09-27 20:00:00,382.3801361266902
2012-09-27 21:00:00,190.26105734960208
2012-09-27 22:00:00,117.24610159200978
2012-09-27 23:00:00,94.65796752654141
2012-09-28 00:00:00,53.20775112928453
2012-09-28 01:00:00,24.50278883905888
2012-09-28 02:00:00,10.520426972546618
2012-09-28 03:00:00,5.879541705467182
2012-09-28 04:00:00,6.208507326975953
2012-09-28 05:00:00,38.502226263660546
2012-09-28 06:00:00,148.35036724864727
2012-09-28 07:00:00,374.2793604411107
2012-09-28 08:00:00,636.2846186971659
2012-09-28 09:00:00,345.8068085094245
2012-09-28 10:00:00,225.9816353327647
2012-09-28 11:00:00,289.0278593115774
2012-09-28 12:00:00,391.7305348817673
2012-09-28 13:00:00,394.0447235175828
2012-09-28 14:00:00,391.9167924608532
2012-09-28 15:00:00,397.010675298768
2012-09-28 16:00:00,515.7974695283069
2012-09-28 17:00:00,816.8426762264185
2012-09-28 18:00:00,824.4713811097481
2012-09-28 19:00:00,487.68479995042475
2012-09-28 20:00:00,341.8762522222454
2012-09-28 21:00:00,213.58436121071995
2012-09-28 22:00:00,212.01743389273415
2012-09-28 23:00:00,154.22947985243312
2012-09-29 00:00:00,141.7200343867914
2012-09-29 01:00:00,106.8488627543877
2012-09-29 02:00:00,75.92004012457508
2012-09-29 03:00:00,34.22808312811894
2012-09-29 04:00:00,13.90155419204386
2012-09-29 05:00:00,13.841716199646738
2012-09-29 06:00:00,29.31412242389654
2012-09-29 07:00:00,79.0979588955424
2012-09-29 08:00:00,193.784523104044
2012-09-29 09:00:00,311.6534173232248
2012-09-29 10:00:00,392.57182161721676
2012-09-29 11:00:00,513.1809895270355
2012-09-29 12:00:00,660.5071019724184
2012-09-29 13:00:00,662.8909519206095
2012-09-29 14:00:00,638.050679514461
2012-09-29 15:00:00,591.7008466735244
2012-09-29 16:00:00,616.3758331094441
2012-09-29 17:00:00,589.1700611615078
2012-09-29 18:00:00,500.83298672335286
2012-09-29 19:00:00,357.5947321348868
2012-09-29 20:00:00,259.5984040827848
2012-09-29 21:00:00,238.72430308927807
2012-09-29 22:00:00,213.50730167698677
2012-09-29 23:00:00,170.3404876089494
2012-09-30 00:00:00,158.67636522046772
2012-09-30 01:00:00,109.51645803074074
2012-09-30 02:00:00,77.30039803895636
2012-09-30 03:00:00,43.29832498445678
2012-09-30 04:00:00,12.314081541093008
2012-09-30 05:00:00,12.895270526681793
2012-09-30 06:00:00,23.83467529785501
2012-09-30 07:00:00,62.53001822448916
2012-09-30 08:00:00,122.2135720090769
2012-09-30 09:00:00,272.4382432758275
2012-09-30 10:00:00,402.4564920602709
2012-09-30 11:00:00,547.9079388771607
2012-09-30 12:00:00,652.6967503881485
2012-09-30 13:00:00,657.6537761253899
2012-09-30 14:00:00,621.3033721343346
2012-09-30 15:00:00,626.0130841598539
2012-09-30 16:00:00,652.6954307390246
2012-09-30 17:00:00,597.4594439333307
2012-09-30 18:00:00,437.0254923434664
2012-09-30 19:00:00,245.8558123103283
2012-09-30 20:00:00,185.5919252556091
2012-09-30 21:00:00,166.34910126587656
2012-09-30 22:00:00,118.97232388902009
2012-09-30 23:00:00,69.39334833735975
2012-10-20 00:00:00,133.41535008273635
2012-10-20 01:00:00,108.65367508178248
2012-10-20 02:00:00,76.18278684362487
2012-10-20 03:00:00,29.87760193861513
2012-10-20 04:00:00,10.883791670570817
2012-10-20 05:00:00,12.19784320473356
2012-10-20 06:00:00,26.31083423497858
2012-10-20 07:00:00,86.63595171700945
2012-10-20 08:00:00,189.71595845178825
2012-10-20 09:00:00,312.3687900410078
2012-10-20 10:00:00,394.7583076756964
2012-10-20 11:00:00,520.5994133243555
2012-10-20 12:00:00,589.5003166544432
2012-10-20 13:00:00,603.9704614202586
2012-10-20 14:00:00,605.7134223466475
2012-10-20 15:00:00,574.9264633085994
2012-10-20 16:00:00,596.0055549429704
2012-10-20 17:00:00,579.2718187432883
2012-10-20 18:00:00,516.5469337496013
2012-10-20 19:00:00,348.03637372992165
2012-10-20 20:00:00,247.43909283994952
2012-10-20 21:00:00,227.03036108794154
2012-10-20 22:00:00,183.57022372184252
2012-10-20 23:00:00,153.45608713545644
2012-10-21 00:00:00,131.63088736685555
2012-10-21 01:00:00,106.25187604991916
2012-10-21 02:00:00,75.17905885372953
2012-10-21 03:00:00,42.393778631587836
2012-10-21 04:00:00,11.05037349433215
2012-10-21 05:00:00,11.775828479640957
2012-10-21 06:00:00,19.843161318814982
2012-10-21 07:00:00,62.42095156396867
2012-10-21 08:00:00,119.87083076829991
2012-10-21 09:00:00,242.4355499881904
2012-10-21 10:00:00,394.5615173710576
2012-10-21 11:00:00,531.3620626785386
2012-10-21 12:00:00,596.1329867864335
2012-10-21 13:00:00,611.8644502533039
2012-10-21 14:00:00,601.6531661857407
2012-10-21 15:00:00,586.1387851266851
2012-10-21 16:00:00,606.8131595864932
2012-10-21 17:00:00,543.6984446744287
2012-10-21 18:00:00,488.83453353274314
2012-10-21 19:00:00,332.53077220147514
2012-10-21 20:00:00,231.9506928702329
2012-10-21 21:00:00,140.25238934035275
2012-10-21 22:00:00,115.87233108037996
2012-10-21 23:00:00,67.80991467926341
2012-10-22 00:00:00,38.342325996179234
2012-10-22 01:00:00,13.564468468732512
2012-10-22 02:00:00,8.111914702062462
2012-10-22 03:00:00,4.389608577044711
2012-10-22 04:00:00,7.798910549022459
2012-10-22 05:00:00,35.81756599617945
2012-10-22 06:00:00,149.78938423655373
2012-10-22 07:00:00,381.4453636763293
2012-10-22 08:00:00,773.3544647324338
2012-10-22 09:00:00,333.90564099122116
2012-10-22 10:00:00,195.7485104881079
2012-10-22 11:00:00,248.09659822614606
2012-10-22 12:00:00,315.63858979020057
2012-10-22 13:00:00,319.08054367587016
2012-10-22 14:00:00,317.483868251499
2012-10-22 15:00:00,330.31074624660255
2012-10-22 16:00:00,460.74599369724694
2012-10-22 17:00:00,894.2820641485164
2012-10-22 18:00:00,734.8313794235916
2012-10-22 19:00:00,484.9588587811538
2012-10-22 20:00:00,360.3323831749448
2012-10-22 21:00:00,234.2954451907006
2012-10-22 22:00:00,147.33574306428287
2012-10-22 23:00:00,94.41982803142265
2012-10-23 00:00:00,35.977313271128985
2012-10-23 01:00:00,13.974181018740133
2012-10-23 02:00:00,6.1352827945194734
2012-10-23 03:00:00,5.4668375227333605
2012-10-23 04:00:00,7.1373380773774215
2012-10-23 05:00:00,41.834191608939214
2012-10-23 06:00:00,170.96229328860366
2012-10-23 07:00:00,462.86899731757313
2012-10-23 08:00:00,762.9291720112132
2012-10-23 09:00:00,341.7113826042062
2012-10-23 10:00:00,199.39127238786196
2012-10-23 11:00:00,245.1116151680159
2012-10-23 12:00:00,315.4843538455988
2012-10-23 13:00:00,303.1441296993457
2012-10-23 14:00:00,301.1323291401516
2012-10-23 15:00:00,316.0921506106722
2012-10-23 16:00:00,454.9745942878666
2012-10-23 17:00:00,895.7826342721693
2012-10-23 18:00:00,866.2093055991605
2012-10-23 19:00:00,546.161063572373
2012-10-23 20:00:00,414.7428293828733
2012-10-23 21:00:00,267.2085172210003
2012-10-23 22:00:00,181.0698700778409
2012-10-23 23:00:00,104.5742791483139
2012-10-24 00:00:00,45.777671572668176
2012-10-24 01:00:00,18.161595120926414
2012-10-24 02:00:00,6.590867250359971
2012-10-24 03:00:00,6.0729455251913596
2012-10-24 04:00:00,6.736206564500164
2012-10-24 05:00:00,43.76585529294964
2012-10-24 06:00:00,174.9133228328879
2012-10-24 07:00:00,453.82995960563557
2012-10-24 08:00:00,692.8402560767877
2012-10-24 09:00:00,359.788879074186
2012-10-24 10:00:00,197.32912272385923
2012-10-24 11:00:00,219.14078660327954
2012-10-24 12:00:00,330.8675969434933
2012-10-24 13:00:00,319.996369057228
2012-10-24 14:00:00,313.94769223418774
2012-10-24 15:00:00,314.1816198193676
2012-10-24 16:00:00,457.349770094235
2012-10-24 17:00:00,877.5697709389003
2012-10-24 18:00:00,863.3963145792992
2012-10-24 19:00:00,543.8713793693643
2012-10-24 20:00:00,389.3068940505281
2012-10-24 21:00:00,291.2630336100801
2012-10-24 22:00:00,246.54702055298816
2012-10-24 23:00:00,123.7664288353423
2012-10-25 00:00:00,57.01478719684992
2012-10-25 01:00:00,21.239447297569793
2012-10-25 02:00:00,10.784893243550485
2012-10-25 03:00:00,5.370283036017617
2012-10-25 04:00:00,6.372481432095532
2012-10-25 05:00:00,42.14991142244726
2012-10-25 06:00:00,165.68927454762147
2012-10-25 07:00:00,454.4423182226619
2012-10-25 08:00:00,697.6227475225256
2012-10-25 09:00:00,359.5682199289061
2012-10-25 10:00:00,165.56915178167827
2012-10-25 11:00:00,151.83658202330432
2012-10-25 12:00:00,227.19689415880836
2012-10-25 13:00:00,219.36035372121867
2012-10-25 14:00:00,248.55657784374844
2012-10-25 15:00:00,335.7352413024279
2012-10-25 16:00:00,419.5586520658951
2012-10-25 17:00:00,738.7552104929404
2012-10-25 18:00:00,278.34286841380265
2012-10-25 19:00:00,271.1661844473279
2012-10-25 20:00:00,257.95543622552714
2012-10-25 21:00:00,243.54748062940402
2012-10-25 22:00:00,190.4254146254353
2012-10-25 23:00:00,122.49943105302788
2012-10-26 00:00:00,65.2607024033367
2012-10-26 01:00:00,24.62867382123653
2012-10-26 02:00:00,10.281500571584585
2012-10-26 03:00:00,5.615738047418365
2012-10-26 04:00:00,6.582975965707705
2012-10-26 05:00:00,41.232932870618015
2012-10-26 06:00:00,154.01296034518387
2012-10-26 07:00:00,409.566241212223
2012-10-26 08:00:00,614.1329158724618
2012-10-26 09:00:00,351.33714851800954
2012-10-26 10:00:00,225.33603545803035
2012-10-26 11:00:00,261.2537663838604
2012-10-26 12:00:00,342.3064645911991
2012-10-26 13:00:00,364.25870555658224
2012-10-26 14:00:00,364.803557020159
2012-10-26 15:00:00,379.8522280066033
2012-10-26 16:00:00,480.2310495456143
2012-10-26 17:00:00,461.5082015143273
2012-10-26 18:00:00,379.30625660497617
2012-10-26 19:00:00,254.82138615842962
2012-10-26 20:00:00,244.38799513164298
2012-10-26 21:00:00,240.62915298167223
2012-10-26 22:00:00,194.81790717079735
2012-10-26 23:00:00,139.79860674861442
2012-10-27 00:00:00,141.44557300221993
2012-10-27 01:00:00,115.05549559961602
2012-10-27 02:00:00,68.70207302560166
2012-10-27 03:00:00,32.46463246091665
2012-10-27 04:00:00,10.184125910985518
2012-10-27 05:00:00,10.920754463550644
2012-10-27 06:00:00,27.108966714292603
2012-10-27 07:00:00,73.9361798284914
2012-10-27 08:00:00,185.32797383254726
2012-10-27 09:00:00,297.52131856637925
2012-10-27 10:00:00,417.99043715853867
2012-10-27 11:00:00,477.38137878891786
2012-10-27 12:00:00,600.0826592466724
2012-10-27 13:00:00,640.5327353574353
2012-10-27 14:00:00,595.362082944085
2012-10-27 15:00:00,471.7955717179568
2012-10-27 16:00:00,522.7369747412048
2012-10-27 17:00:00,516.251177242249
2012-10-27 18:00:00,476.256089957693
2012-10-27 19:00:00,355.26977442200723
2012-10-27 20:00:00,247.35164478193232
2012-10-27 21:00:00,220.58426042282863
2012-10-27 22:00:00,191.3030222854792
2012-10-27 23:00:00,135.24543141711632
2012-10-28 00:00:00,115.37679556327629
2012-10-28 01:00:00,107.79577650649719
2012-10-28 02:00:00,76.06319408696464
2012-10-28 03:00:00,34.02522101873146
2012-10-28 04:00:00,12.143350128424222
2012-10-28 05:00:00,13.433796839126565
2012-10-28 06:00:00,17.998737342453087
2012-10-28 07:00:00,56.8441264728119
2012-10-28 08:00:00,120.609434192262
2012-10-28 09:00:00,249.64118991467345
2012-10-28 10:00:00,358.75457127863797
2012-10-28 11:00:00,485.8576694297049
2012-10-28 12:00:00,490.2531819895184
2012-10-28 13:00:00,489.6369010206629
2012-10-28 14:00:00,478.8008263725182
2012-10-28 15:00:00,447.6981760638359
2012-10-28 16:00:00,310.26528538485167
2012-10-28 17:00:00,228.15822558546304
2012-10-28 18:00:00,159.69743845137688
2012-10-28 19:00:00,140.20621466923615
2012-10-28 20:00:00,131.81748982749866
2012-10-28 21:00:00,112.75768578885436
2012-10-28 22:00:00,80.79641184451512
2012-10-28 23:00:00,59.224758922432024
2012-10-29 00:00:00,23.327218420957628
2012-10-30 13:00:00,127.47020652110388
2012-10-30 14:00:00,127.25380107702597
2012-10-30 15:00:00,148.1647475357325
2012-10-30 16:00:00,223.3598432230917
2012-10-30 17:00:00,337.6365792740324
2012-10-30 18:00:00,338.6607438106345
2012-10-30 19:00:00,499.7860597034998
2012-10-30 20:00:00,235.0011514219453
2012-10-30 21:00:00,177.65006187915927
2012-10-30 22:00:00,132.4671204785562
2012-10-30 23:00:00,96.54966413877294
2012-10-31 00:00:00,29.7938706231081
2012-10-31 01:00:00,13.812332591693322
2012-10-31 02:00:00,4.6154562611494105
2012-10-31 03:00:00,5.0717978879483026
2012-10-31 04:00:00,6.7426490684360365
2012-10-31 05:00:00,34.3067626972919
2012-10-31 06:00:00,138.30796838645097
2012-10-31 07:00:00,321.0285669220307
2012-10-31 08:00:00,616.8977371373439
2012-10-31 09:00:00,305.89410895964244
2012-10-31 10:00:00,162.48948414521962
2012-10-31 11:00:00,170.29597797241064
2012-10-31 12:00:00,223.9450509947055
2012-10-31 13:00:00,230.77014116922243
2012-10-31 14:00:00,211.05997014479692
2012-10-31 15:00:00,225.4104758315785
2012-10-31 16:00:00,354.0176853125477
2012-10-31 17:00:00,559.6962234012947
2012-10-31 18:00:00,551.8782315512678
2012-10-31 19:00:00,372.2286586450983
2012-10-31 20:00:00,289.67259286055906
2012-10-31 21:00:00,185.7790182330367
2012-10-31 22:00:00,139.57189328538664
2012-10-31 23:00:00,104.23767404915672
2012-11-20 00:00:00,30.060156569952426
2012-11-20 01:00:00,14.636374288882633
2012-11-20 02:00:00,5.48379395549988
2012-11-20 03:00:00,4.025252430484378
2012-11-20 04:00:00,7.84862951120293
2012-11-20 05:00:00,38.120137862343014
2012-11-20 06:00:00,141.4291880375288
2012-11-20 07:00:00,335.9143952487141
2012-11-20 08:00:00,638.6249784745281
2012-11-20 09:00:00,323.10815025109883
2012-11-20 10:00:00,174.33896937411942
2012-11-20 11:00:00,194.47091481115692
2012-11-20 12:00:00,226.08224086036208
2012-11-20 13:00:00,230.05686391835178
2012-11-20 14:00:00,213.69980504474188
2012-11-20 15:00:00,280.596004100502
2012-11-20 16:00:00,365.24043052195674
2012-11-20 17:00:00,532.1721591577976
2012-11-20 18:00:00,518.4732554526153
2012-11-20 19:00:00,377.3247009045102
2012-11-20 20:00:00,259.8091123148475
2012-11-20 21:00:00,197.050554015526
2012-11-20 22:00:00,151.50174611802714
2012-11-20 23:00:00,92.79798851716279
2012-11-21 00:00:00,29.495550763765095
2012-11-21 01:00:00,13.364986984811292
2012-11-21 02:00:00,4.538018990218225
2012-11-21 03:00:00,5.321781377614772
2012-11-21 04:00:00,5.7954409014107355
2012-11-21 05:00:00,29.215332765992805
2012-11-21 06:00:00,128.80196176332677
2012-11-21 07:00:00,318.17510073232364
2012-11-21 08:00:00,604.4929452521395
2012-11-21 09:00:00,304.53438032625917
2012-11-21 10:00:00,173.5782267738975
2012-11-21 11:00:00,200.71298783144016
2012-11-21 12:00:00,234.58004559087968
2012-11-21 13:00:00,238.78861824938906
2012-11-21 14:00:00,283.1529026895876
2012-11-21 15:00:00,282.0263582810018
2012-11-21 16:00:00,358.89956484810034
2012-11-21 17:00:00,573.9976914270221
2012-11-21 18:00:00,529.92302483673
2012-11-21 19:00:00,365.0245182869202
2012-11-21 20:00:00,265.87800908968484
2012-11-21 21:00:00,196.6360088512816
2012-11-21 22:00:00,137.27828363371157
2012-11-21 23:00:00,104.48119636139045
2012-11-22 00:00:00,44.56897343415258
2012-11-22 01:00:00,31.15140878123514
2012-11-22 02:00:00,18.346931996098736
2012-11-22 03:00:00,8.566662171632453
2012-11-22 04:00:00,6.439489476384238
2012-11-22 05:00:00,9.907862634830161
2012-11-22 06:00:00,41.42682972529523
2012-11-22 07:00:00,124.89808769624692
2012-11-22 08:00:00,243.05911477786972
2012-11-22 09:00:00,247.19877655563153
2012-11-22 10:00:00,261.6956230040781
2012-11-22 11:00:00,354.91334738741324
2012-11-22 12:00:00,414.22951745184344
2012-11-22 13:00:00,436.27054018410337
2012-11-22 14:00:00,442.8648100192947
2012-11-22 15:00:00,442.6663771081215
2012-11-22 16:00:00,419.34687074129283
2012-11-22 17:00:00,536.7654196205283
2012-11-22 18:00:00,464.4118995365452
2012-11-22 19:00:00,327.6899713214205
2012-11-22 20:00:00,242.20659418289762
2012-11-22 21:00:00,189.16887529185783
2012-11-22 22:00:00,148.7200731656054
2012-11-22 23:00:00,116.7577457308561
2012-11-23 00:00:00,42.91690325077
2012-11-23 01:00:00,21.50710793013768
2012-11-23 02:00:00,9.796886352189869
2012-11-23 03:00:00,5.989977366827402
2012-11-23 04:00:00,8.382274885718921
2012-11-23 05:00:00,31.57894842254283
2012-11-23 06:00:00,127.03228091003552
2012-11-23 07:00:00,320.2013505002092
2012-11-23 08:00:00,577.6692079358188
2012-11-23 09:00:00,307.030599892826
2012-11-23 10:00:00,190.05632519115102
2012-11-23 11:00:00,239.26380001756615
2012-11-23 12:00:00,274.9475788170012
2012-11-23 13:00:00,292.45021791835575
2012-11-23 14:00:00,344.34157168935434
2012-11-23 15:00:00,330.8854609375462
2012-11-23 16:00:00,442.91987315636567
2012-11-23 17:00:00,725.1359409571501
2012-11-23 18:00:00,660.729846531645
2012-11-23 19:00:00,407.01417552885135
2012-11-23 20:00:00,298.07923956853466
2012-11-23 21:00:00,247.4252010275926
2012-11-23 22:00:00,161.85641598059118
2012-11-23 23:00:00,114.62280687902386
2012-11-24 00:00:00,117.90599872497842
2012-11-24 01:00:00,102.12609851969987
2012-11-24 02:00:00,53.859370764877625
2012-11-24 03:00:00,19.733748796827452
2012-11-24 04:00:00,7.092934267705056
2012-11-24 05:00:00,6.4291620099577065
2012-11-24 06:00:00,16.439427529144965
2012-11-24 07:00:00,60.63326506717842
2012-11-24 08:00:00,141.69601257321557
2012-11-24 09:00:00,196.04989965118205
2012-11-24 10:00:00,242.5199897719639
2012-11-24 11:00:00,309.70886503951533
2012-11-24 12:00:00,323.9031861774368
2012-11-24 13:00:00,384.0992638411878
2012-11-24 14:00:00,369.80263000238267
2012-11-24 15:00:00,319.4344345156772
2012-11-24 16:00:00,294.459490231301
2012-11-24 17:00:00,264.7190858046963
2012-11-24 18:00:00,247.2580022546413
2012-11-24 19:00:00,190.80992318243304
2012-11-24 20:00:00,151.372673244104
2012-11-24 21:00:00,111.34661297085526
2012-11-24 22:00:00,101.9627003481686
2012-11-24 23:00:00,84.2267554235467
2012-11-25 00:00:00,109.35920731629356
2012-11-25 01:00:00,109.37380404789461
2012-11-25 02:00:00,47.929244398746675
2012-11-25 03:00:00,22.1464541543498
2012-11-25 04:00:00,6.8727919379228295
2012-11-25 05:00:00,8.29830456967703
2012-11-25 06:00:00,13.49612542833265
2012-11-25 07:00:00,48.51656649536988
2012-11-25 08:00:00,122.17141943478754
2012-11-25 09:00:00,172.66884856151177
2012-11-25 10:00:00,222.48910842819237
2012-11-25 11:00:00,273.6313930807467
2012-11-25 12:00:00,296.33022833130104
2012-11-25 13:00:00,296.43228033799994
2012-11-25 14:00:00,308.93940058209125
2012-11-25 15:00:00,306.5609277814844
2012-11-25 16:00:00,297.32081289913606
2012-11-25 17:00:00,220.44370650583642
2012-11-25 18:00:00,193.6472442212012
2012-11-25 19:00:00,153.51521354127362
2012-11-25 20:00:00,113.97866824686459
2012-11-25 21:00:00,90.40483840877747
2012-11-25 22:00:00,80.99539122485376
2012-11-25 23:00:00,52.91039076475917
2012-11-26 00:00:00,22.331244986716325
2012-11-26 01:00:00,14.861452391065955
2012-11-26 02:00:00,8.491713413719063
2012-11-26 03:00:00,3.9312842970306354
2012-11-26 04:00:00,7.244300119867717
2012-11-26 05:00:00,36.09583229991744
2012-11-26 06:00:00,135.15494985426432
2012-11-26 07:00:00,353.57301394626427
2012-11-26 08:00:00,662.066067220789
2012-11-26 09:00:00,303.81066495057695
2012-11-26 10:00:00,164.17222144664666
2012-11-26 11:00:00,197.15195000309075
2012-11-26 12:00:00,235.00721708094792
2012-11-26 13:00:00,233.5654723416561
2012-11-26 14:00:00,221.14218507633169
2012-11-26 15:00:00,231.30630842072532
2012-11-26 16:00:00,373.3632665533647
2012-11-26 17:00:00,564.5920928514563
2012-11-26 18:00:00,550.3909827197081
2012-11-26 19:00:00,369.0791775196232
2012-11-26 20:00:00,258.6992338773167
2012-11-26 21:00:00,192.3941483158519
2012-11-26 22:00:00,128.64211300741908
2012-11-26 23:00:00,83.57151826733495
2012-11-27 00:00:00,27.42640436495039
2012-11-27 01:00:00,16.180056658988526
2012-11-27 02:00:00,5.700634615977006
2012-11-27 03:00:00,3.891460899497173
2012-11-27 04:00:00,6.232774481828934
2012-11-27 05:00:00,33.264018894382666
2012-11-27 06:00:00,130.843078856657
2012-11-27 07:00:00,166.75332792536372
2012-11-27 08:00:00,193.0105095146207
2012-11-27 09:00:00,287.9095541254578
2012-11-27 10:00:00,125.70774136290002
2012-11-27 11:00:00,125.58710942143212
2012-11-27 12:00:00,132.71042028129293
2012-11-27 13:00:00,137.79069568106087
2012-11-27 14:00:00,132.11557737079352
2012-11-27 15:00:00,178.21330685158694
2012-11-27 16:00:00,272.20559703863046
2012-11-27 17:00:00,429.9475490206971
2012-11-27 18:00:00,402.9151769036218
2012-11-27 19:00:00,331.4697359778905
2012-11-27 20:00:00,229.5271983956264
2012-11-27 21:00:00,139.17392068181545
2012-11-27 22:00:00,118.1965827053872
2012-11-27 23:00:00,86.26027696993535
2012-11-28 00:00:00,24.500197016027794
2012-11-28 01:00:00,20.40511197583361
2012-11-28 02:00:00,9.469063813271873
2012-11-28 03:00:00,3.3012600012100233
2012-11-28 04:00:00,7.047457516619744
2012-11-28 05:00:00,33.41672435598108
2012-11-28 06:00:00,134.17395577141727
2012-11-28 07:00:00,367.8994504684127
2012-11-28 08:00:00,671.9370351400541
2012-11-28 09:00:00,326.8771771827462
2012-11-28 10:00:00,161.31436559882997
2012-11-28 11:00:00,182.37938793516975
2012-11-28 12:00:00,205.2593624151762
2012-11-28 13:00:00,224.21844211926438
2012-11-28 14:00:00,217.50334363502554
2012-11-28 15:00:00,238.46328193718657
2012-11-28 16:00:00,343.9013848970804
2012-11-28 17:00:00,555.217482028531
2012-11-28 18:00:00,555.1854862840489
2012-11-28 19:00:00,371.0101284903146
2012-11-28 20:00:00,255.93265626858
2012-11-28 21:00:00,175.84144891032398
2012-11-28 22:00:00,118.6542029818861
2012-11-28 23:00:00,80.38224177963716
2012-11-29 00:00:00,29.653688144295636
2012-11-29 01:00:00,17.948836511807734
2012-11-29 02:00:00,6.470317824513602
2012-11-29 04:00:00,6.1233719686623225
2012-11-29 05:00:00,33.854678313809124
2012-11-29 06:00:00,135.37642135660204
2012-11-29 07:00:00,352.91228462400846
2012-11-29 08:00:00,635.2715438323395
2012-11-29 09:00:00,313.28638634525515
2012-11-29 10:00:00,160.60153225276088
2012-11-29 11:00:00,193.50302505568675
2012-11-29 12:00:00,225.99844018301957
2012-11-29 13:00:00,233.2159660818614
2012-11-29 14:00:00,215.1143454311164
2012-11-29 15:00:00,242.44905692969252
2012-11-29 16:00:00,352.51110104998406
2012-11-29 17:00:00,579.2608714028466
2012-11-29 18:00:00,550.7212016206557
2012-11-29 19:00:00,371.5006032828784
2012-11-29 20:00:00,254.47420611581862
2012-11-29 21:00:00,159.05289355088925
2012-11-29 22:00:00,144.82663053898597
2012-11-29 23:00:00,122.00364156236661
2012-11-30 00:00:00,39.52355407615514
2012-11-30 01:00:00,23.62594659932146
2012-11-30 02:00:00,9.683299707202906
2012-11-30 03:00:00,6.416238735957573
2012-11-30 04:00:00,8.076548233174602
2012-11-30 05:00:00,32.01183626564202
2012-11-30 06:00:00,125.6332732274304
2012-11-30 07:00:00,318.2714770861373
2012-11-30 08:00:00,562.8177292580431
2012-11-30 09:00:00,312.26333779511566
2012-11-30 10:00:00,181.48345478352329
2012-11-30 11:00:00,200.8360164681509
2012-11-30 12:00:00,256.9664703531162
2012-11-30 13:00:00,261.24704290496805
2012-11-30 14:00:00,250.08524719717934
2012-11-30 15:00:00,260.1787338597187
2012-11-30 16:00:00,402.53031271584973
2012-11-30 17:00:00,572.0249613717501
2012-11-30 18:00:00,496.4451842844439
2012-11-30 19:00:00,346.07090276826034
2012-11-30 20:00:00,242.94745804159191
2012-11-30 21:00:00,187.95406814482817
2012-11-30 22:00:00,155.17307305780858
2012-11-30 23:00:00,124.79797031397564
2012-12-20 00:00:00,40.67815533608407
2012-12-20 01:00:00,16.78639205180686
2012-12-20 02:00:00,6.4099377410798475
2012-12-20 03:00:00,3.5894205957494556
2012-12-20 04:00:00,6.067202358241826
2012-12-20 05:00:00,33.722652560993076
2012-12-20 06:00:00,132.21500856131004
2012-12-20 07:00:00,347.0085320098187
2012-12-20 08:00:00,615.6559957438511
2012-12-20 09:00:00,286.1217566125385
2012-12-20 10:00:00,163.46195566233746
2012-12-20 11:00:00,177.12592826164476
2012-12-20 12:00:00,226.31015778348657
2012-12-20 13:00:00,225.91765980116958
2012-12-20 14:00:00,221.1873539690988
2012-12-20 15:00:00,225.6900290937439
2012-12-20 16:00:00,332.29993510282475
2012-12-20 17:00:00,544.8502000541987
2012-12-20 18:00:00,520.8107901399648
2012-12-20 19:00:00,287.38207223705956
2012-12-20 20:00:00,218.81539324508492
2012-12-20 21:00:00,128.57220615080305
2012-12-20 22:00:00,79.1518825187539
2012-12-20 23:00:00,93.40048815215245
2012-12-21 00:00:00,42.69094066174621
2012-12-21 01:00:00,22.673737829296755
2012-12-21 02:00:00,8.432940644094323
2012-12-21 03:00:00,4.718101965983347
2012-12-21 04:00:00,7.100109609022271
2012-12-21 05:00:00,30.261900510270898
2012-12-21 06:00:00,107.81517370108081
2012-12-21 07:00:00,303.8409201843859
2012-12-21 08:00:00,545.9125089994334
2012-12-21 09:00:00,281.5751014191193
2012-12-21 10:00:00,174.78747671776074
2012-12-21 11:00:00,181.70523467383492
2012-12-21 12:00:00,196.24080513582857
2012-12-21 13:00:00,194.64096031925732
2012-12-21 14:00:00,190.5335650951861
2012-12-21 15:00:00,184.862336912811
2012-12-21 16:00:00,268.2571745417737
2012-12-21 17:00:00,385.68453806904995
2012-12-21 18:00:00,368.1842263897408
2012-12-21 19:00:00,300.8505672050273
2012-12-21 20:00:00,215.1826802491093
2012-12-21 21:00:00,133.67430641970893
2012-12-21 22:00:00,99.92708707004472
2012-12-21 23:00:00,79.48503777527539
2012-12-22 00:00:00,97.73083049062545
2012-12-22 01:00:00,99.66727244129953
2012-12-22 02:00:00,48.63696002991365
2012-12-22 03:00:00,18.64555107155855
2012-12-22 04:00:00,6.342399954622909
2012-12-22 05:00:00,4.881350233102534
2012-12-22 06:00:00,13.766480237603918
2012-12-22 07:00:00,48.2107391390282
2012-12-22 08:00:00,113.44951291826521
2012-12-22 09:00:00,164.4505314894056
2012-12-22 10:00:00,215.24583152946633
2012-12-22 11:00:00,268.9912933063601
2012-12-22 12:00:00,271.44041673876393
2012-12-22 13:00:00,320.47344656000837
2012-12-22 14:00:00,316.73566103136346
2012-12-22 15:00:00,289.5797670414762
2012-12-22 16:00:00,248.60119702283004
2012-12-22 17:00:00,219.4862478717768
2012-12-22 18:00:00,197.73844211039756
2012-12-22 19:00:00,150.16771173709932
2012-12-22 20:00:00,120.4327844670062
2012-12-22 21:00:00,88.44760277064799
2012-12-22 22:00:00,76.96997693774108
2012-12-22 23:00:00,66.56357111902605
2012-12-23 00:00:00,104.50694259822357
2012-12-23 01:00:00,106.22722020858255
2012-12-23 02:00:00,50.334836357856815
2012-12-23 03:00:00,22.174898374719294
2012-12-23 04:00:00,8.295382334569757
2012-12-23 05:00:00,6.73832806883799
2012-12-23 06:00:00,9.100010641642005
2012-12-23 07:00:00,44.24652627851892
2012-12-23 08:00:00,96.70517623230852
2012-12-23 09:00:00,130.1502624750426
2012-12-23 10:00:00,190.4694611740281
2012-12-23 11:00:00,231.9564627321993
2012-12-23 12:00:00,273.101128096586
2012-12-23 13:00:00,317.49268812343837
2012-12-23 14:00:00,350.28780088964356
2012-12-23 15:00:00,362.92656467559925
2012-12-23 16:00:00,333.0162918462085
2012-12-23 17:00:00,250.15364258078117
2012-12-23 18:00:00,182.81106825298227
2012-12-23 19:00:00,150.59327445235093
2012-12-23 20:00:00,102.7743396135482
2012-12-23 21:00:00,80.48108923421847
2012-12-23 22:00:00,67.92014252639399
2012-12-23 23:00:00,52.82509884163104
2012-12-24 00:00:00,24.074427269450624
2012-12-24 01:00:00,12.711759132009842
2012-12-24 02:00:00,5.608160966254047
2012-12-24 03:00:00,4.792699052048936
2012-12-24 05:00:00,26.690808746922347
2012-12-24 06:00:00,112.50583694136596
2012-12-24 07:00:00,303.74091428425584
2012-12-24 08:00:00,515.2450280701931
2012-12-24 09:00:00,251.09054479186875
2012-12-24 10:00:00,142.5634220328586
2012-12-24 11:00:00,139.2562007346179
2012-12-24 12:00:00,160.6498260853687
2012-12-24 13:00:00,109.59197852865039
2012-12-24 14:00:00,109.0000513872425
2012-12-24 15:00:00,110.12990911807572
2012-12-24 16:00:00,161.08787198925108
2012-12-24 17:00:00,256.30213592887503
2012-12-24 18:00:00,249.13041109159326
2012-12-24 19:00:00,246.40207851376357
2012-12-24 20:00:00,174.47263123890636
2012-12-24 21:00:00,107.77882203058527
2012-12-24 22:00:00,102.52587515459756
2012-12-24 23:00:00,63.071984561433695
2012-12-25 00:00:00,25.402647870625994
2012-12-25 01:00:00,26.77019908325963
2012-12-25 02:00:00,18.338343292142092
2012-12-25 04:00:00,5.602186054495516
2012-12-25 05:00:00,7.394052191931191
2012-12-25 06:00:00,25.22356582661955
2012-12-25 07:00:00,67.17447895557355
2012-12-25 08:00:00,168.96265606871444
2012-12-25 09:00:00,155.1353211186544
2012-12-25 10:00:00,205.1886081029701
2012-12-25 11:00:00,233.08465580910774
2012-12-25 12:00:00,246.1095178654823
2012-12-25 13:00:00,297.4012961436674
2012-12-25 14:00:00,301.02482601085393
2012-12-25 15:00:00,269.6320443866219
2012-12-25 16:00:00,298.7057903656454
2012-12-25 17:00:00,331.76277278758596
2012-12-25 18:00:00,304.02957388920174
2012-12-25 19:00:00,226.76760782617168
2012-12-25 20:00:00,166.2877715338349
2012-12-25 21:00:00,109.08307572074203
2012-12-25 22:00:00,98.00175751341396
2012-12-25 23:00:00,64.89201358439098
2012-12-26 00:00:00,24.34159145180155
2012-12-26 01:00:00,18.67225588111811
2012-12-26 02:00:00,7.639215023186306
2012-12-26 03:00:00,3.8450053295299584
2012-12-26 04:00:00,6.636189331367549
2012-12-26 05:00:00,29.640894690776893
2012-12-26 06:00:00,114.76136341035773
2012-12-26 07:00:00,160.39984267081408
2012-12-26 08:00:00,207.68462872137178
2012-12-26 09:00:00,150.74631973070143
2012-12-26 10:00:00,102.22450806455687
2012-12-26 11:00:00,104.74188509101594
2012-12-26 12:00:00,106.91762989033356
2012-12-26 13:00:00,104.47184399872783
2012-12-26 14:00:00,107.87957892799749
2012-12-26 15:00:00,108.82266411660468
2012-12-26 16:00:00,157.53636144697566
2012-12-26 17:00:00,260.65879487718615
2012-12-26 18:00:00,271.5391132132423
2012-12-26 19:00:00,239.44319987527876
2012-12-26 20:00:00,162.37426454913586
2012-12-26 21:00:00,130.7546693789193
2012-12-26 22:00:00,63.86876376802334
2012-12-26 23:00:00,67.17370343020325
2012-12-27 00:00:00,19.932542271580285
2012-12-27 01:00:00,8.017218418700235
2012-12-27 02:00:00,6.330031236064901
2012-12-27 03:00:00,3.78603001599382
2012-12-27 04:00:00,6.143481366294472
2012-12-27 05:00:00,30.27189600231459
2012-12-27 06:00:00,102.06234363790676
2012-12-27 07:00:00,320.5461468318605
2012-12-27 08:00:00,540.2158642325583
2012-12-27 09:00:00,280.7898498651784
2012-12-27 10:00:00,147.1424429828766
2012-12-27 11:00:00,147.52916223026608
2012-12-27 12:00:00,173.79031717476204
2012-12-27 13:00:00,173.0826744238414
2012-12-27 14:00:00,153.15435972381982
2012-12-27 15:00:00,154.22051156668792
2012-12-27 16:00:00,238.5276231031553
2012-12-27 17:00:00,375.58069759248036
2012-12-27 18:00:00,348.65420215227084
2012-12-27 19:00:00,272.10475315624694
2012-12-27 20:00:00,208.54523814551493
2012-12-27 21:00:00,126.57186727039085
2012-12-27 22:00:00,100.13318266111773
2012-12-27 23:00:00,80.12520414338609
2012-12-28 00:00:00,37.072368019375396
2012-12-28 01:00:00,20.008328840082584
2012-12-28 02:00:00,9.90286168447862
2012-12-28 03:00:00,4.837676433150486
2012-12-28 04:00:00,6.231125019702738
2012-12-28 05:00:00,30.527835387358973
2012-12-28 06:00:00,114.41035906740429
2012-12-28 07:00:00,299.2545750548658
2012-12-28 08:00:00,522.054735780986
2012-12-28 09:00:00,277.9183112939301
2012-12-28 10:00:00,155.76552265495653
2012-12-28 11:00:00,164.52589763910382
2012-12-28 12:00:00,189.3247652971998
2012-12-28 13:00:00,188.71045400323314
2012-12-28 14:00:00,187.26138274866278
2012-12-28 15:00:00,199.09046492941835
2012-12-28 16:00:00,267.31557470886867
2012-12-28 17:00:00,357.25261129920733
2012-12-28 18:00:00,340.4513481811114
2012-12-28 19:00:00,273.7196777561727
2012-12-28 20:00:00,203.8595192225486
2012-12-28 21:00:00,126.86437042159538
2012-12-28 22:00:00,104.81018387651241
2012-12-28 23:00:00,82.70307144324323
2012-12-29 00:00:00,104.25713817780218
2012-12-29 01:00:00,99.60654156056825
2012-12-29 02:00:00,50.63585417599508
2012-12-29 03:00:00,20.47630537296395
2012-12-29 04:00:00,5.959392186763945
2012-12-29 05:00:00,5.424413644168161
2012-12-29 06:00:00,11.879440516737583
2012-12-29 07:00:00,44.89982654315397
2012-12-29 08:00:00,108.17476149455884
2012-12-29 09:00:00,159.83621893294514
2012-12-29 10:00:00,178.05034346479144
2012-12-29 11:00:00,194.5309669639982
2012-12-29 12:00:00,201.1077895459381
2012-12-29 13:00:00,199.9941506624611
2012-12-29 14:00:00,263.7497086357797
2012-12-29 15:00:00,243.95648156283843
2012-12-29 16:00:00,242.49103917893044
2012-12-29 17:00:00,195.30965436897583
2012-12-29 18:00:00,186.94349231475132
2012-12-29 19:00:00,156.82533372743944
2012-12-29 20:00:00,133.79808024462343
2012-12-29 21:00:00,74.04759724887424
2012-12-29 22:00:00,69.66906844889101
2012-12-29 23:00:00,78.00660667959369
2012-12-30 00:00:00,109.62792670544889
2012-12-30 01:00:00,101.82903314563853
2012-12-30 02:00:00,50.60303947848387
2012-12-30 03:00:00,20.193201365778762
2012-12-30 04:00:00,5.765058379241995
2012-12-30 05:00:00,5.194943753312784
2012-12-30 06:00:00,8.87384255975614
2012-12-30 07:00:00,37.67391586401591
2012-12-30 08:00:00,94.91772162244712
2012-12-30 09:00:00,139.81645391746363
2012-12-30 10:00:00,199.2035337004711
2012-12-30 11:00:00,231.77814091383098
2012-12-30 12:00:00,244.50744116817728
2012-12-30 13:00:00,247.25449791953514
2012-12-30 14:00:00,250.07944581372124
2012-12-30 15:00:00,248.03578260133227
2012-12-30 16:00:00,232.55498890514656
2012-12-30 17:00:00,198.41190087354806
2012-12-30 18:00:00,173.3593945496476
2012-12-30 19:00:00,183.17707843180264
2012-12-30 20:00:00,106.96529291332058
2012-12-30 21:00:00,64.92395139767565
2012-12-30 22:00:00,57.90057185996011
2012-12-30 23:00:00,45.799438952885936
2012-12-31 00:00:00,22.173934905367883
2012-12-31 01:00:00,12.75733055273623
2012-12-31 02:00:00,7.286893192406389
2012-12-31 03:00:00,4.062727464046481
2012-12-31 04:00:00,6.97579955237126
2012-12-31 05:00:00,28.607111811146623
2012-12-31 06:00:00,115.50349190350917
2012-12-31 07:00:00,305.3161341666718
2012-12-31 08:00:00,487.5859177414196
2012-12-31 09:00:00,240.28612414663837
2012-12-31 10:00:00,128.98094304075795
2012-12-31 11:00:00,132.24677467219948
2012-12-31 12:00:00,145.49676385425826
2012-12-31 13:00:00,157.3789092627107
2012-12-31 14:00:00,160.34348837142502
2012-12-31 15:00:00,169.93533972710006
2012-12-31 16:00:00,239.80149276249998
2012-12-31 17:00:00,367.8422576594364
2012-12-31 18:00:00,369.13829340231854
2012-12-31 19:00:00,283.03527970322244
2012-12-31 20:00:00,205.6945782108934
2012-12-31 21:00:00,121.37477907768354
2012-12-31 22:00:00,104.45367041728659
2012-12-31 23:00:00,61.67551957186035
